session_id,mechanism,noise_multiplier,l2_before,l2_after,distortion_ratio,silhouette_score,accuracy,precision,recall,f1,mae,dp_update_uri,dp_receipt,dp_receipt_uri,mode,explain_uri,retrieval_avg_latency_ms,retrieval_median_latency_ms,retrieval_k,rag_mean_latency,rag_median_latency,rag_k
sess-1764811070,gaussian,0.0,2.8432233333587646,1.0,0.3517134893750902,0.6489234745364438,0.765,0.715,0.735,0.725,0.196,file://secure_store/local_updates/dp_gaussian_1764811180051.pt.enc,"{""agent"": ""dp-agent"", ""session_id"": ""sess-1764811070"", ""operation"": ""dp_process_update"", ""params"": {""clip_norm"": 1.0, ""clip_applied"": true, ""noise_multiplier"": 0.0, ""mechanism"": ""gaussian"", ""l2_norm_before"": 2.8432233333587646, ""l2_norm_after"": 1.0}, ""outputs"": [""file://secure_store/local_updates/dp_gaussian_1764811180051.pt.enc""], ""timestamp"": ""2025-12-04T01:19:40.051512Z"", ""signature"": ""xVqjc5Pbrmjcf26AUxhi8hgk+kye4ZQ/+pp1klZMuLM=""}",file:///home/ritik26/Desktop/BE-Major-Project/receipts/receipt_3380fc2921cc439eb48ae4ac9951ee12.json,base,/home/ritik26/Desktop/BE-Major-Project/explain_logs/base_explain_1764811180049.txt,,,,,,
sess-1764811070,gaussian,0.5,2.8432233333587646,3.9868128299713135,1.4022158519145889,0.638229312688794,0.689,0.639,0.659,0.649,0.327,file://secure_store/local_updates/dp_gaussian_1764811180053.pt.enc,"{""agent"": ""dp-agent"", ""session_id"": ""sess-1764811070"", ""operation"": ""dp_process_update"", ""params"": {""clip_norm"": 1.0, ""clip_applied"": true, ""noise_multiplier"": 0.5, ""mechanism"": ""gaussian"", ""l2_norm_before"": 2.8432233333587646, ""l2_norm_after"": 3.9868128299713135}, ""outputs"": [""file://secure_store/local_updates/dp_gaussian_1764811180053.pt.enc""], ""timestamp"": ""2025-12-04T01:19:40.053676Z"", ""signature"": ""WNiBX6samuPj5wQStPi5q6i9yBnFyT48Rxbrgn8sdXM=""}",file:///home/ritik26/Desktop/BE-Major-Project/receipts/receipt_c2cdfee2de2141bda7b5abc9ddc699d8.json,base,/home/ritik26/Desktop/BE-Major-Project/explain_logs/base_explain_1764811180049.txt,,,,,,
sess-1764811070,gaussian,1.0,2.8432233333587646,8.52970027923584,3.000010648533719,0.6425961831750613,0.662,0.612,0.632,0.622,0.288,file://secure_store/local_updates/dp_gaussian_1764811180055.pt.enc,"{""agent"": ""dp-agent"", ""session_id"": ""sess-1764811070"", ""operation"": ""dp_process_update"", ""params"": {""clip_norm"": 1.0, ""clip_applied"": true, ""noise_multiplier"": 1.0, ""mechanism"": ""gaussian"", ""l2_norm_before"": 2.8432233333587646, ""l2_norm_after"": 8.52970027923584}, ""outputs"": [""file://secure_store/local_updates/dp_gaussian_1764811180055.pt.enc""], ""timestamp"": ""2025-12-04T01:19:40.055802Z"", ""signature"": ""KogbRwROjjR2ioitbEsaM9bKCvznjTyqS6fabrskP74=""}",file:///home/ritik26/Desktop/BE-Major-Project/receipts/receipt_980e7e648ed4431189d80ec93c1ea623.json,base,/home/ritik26/Desktop/BE-Major-Project/explain_logs/base_explain_1764811180049.txt,,,,,,
sess-1764811070,gaussian,1.5,2.8432233333587646,14.54742431640625,5.116525367743279,0.6417379165937751,0.763,0.713,0.733,0.723,0.172,file://secure_store/local_updates/dp_gaussian_1764811180057.pt.enc,"{""agent"": ""dp-agent"", ""session_id"": ""sess-1764811070"", ""operation"": ""dp_process_update"", ""params"": {""clip_norm"": 1.0, ""clip_applied"": true, ""noise_multiplier"": 1.5, ""mechanism"": ""gaussian"", ""l2_norm_before"": 2.8432233333587646, ""l2_norm_after"": 14.54742431640625}, ""outputs"": [""file://secure_store/local_updates/dp_gaussian_1764811180057.pt.enc""], ""timestamp"": ""2025-12-04T01:19:40.057598Z"", ""signature"": ""JdDiNVulzph4NqHT7A4uEHdnOkB2J2U9kuXk9Cr5C2Q=""}",file:///home/ritik26/Desktop/BE-Major-Project/receipts/receipt_9ec726f05a8e49f9bd1629cb27edb689.json,base,/home/ritik26/Desktop/BE-Major-Project/explain_logs/base_explain_1764811180049.txt,,,,,,
sess-1764811070,gaussian,2.0,2.8432233333587646,19.364334106445312,6.810697518002951,0.6592166697270256,0.813,0.763,0.783,0.773,0.273,file://secure_store/local_updates/dp_gaussian_1764811180059.pt.enc,"{""agent"": ""dp-agent"", ""session_id"": ""sess-1764811070"", ""operation"": ""dp_process_update"", ""params"": {""clip_norm"": 1.0, ""clip_applied"": true, ""noise_multiplier"": 2.0, ""mechanism"": ""gaussian"", ""l2_norm_before"": 2.8432233333587646, ""l2_norm_after"": 19.364334106445312}, ""outputs"": [""file://secure_store/local_updates/dp_gaussian_1764811180059.pt.enc""], ""timestamp"": ""2025-12-04T01:19:40.059351Z"", ""signature"": ""1+eWw8KFFZUq5RXd2C79aXleDb17JhUk0iuQKuPXRQE=""}",file:///home/ritik26/Desktop/BE-Major-Project/receipts/receipt_dd51d01cb34e440dbe5b1eb65b28e07f.json,base,/home/ritik26/Desktop/BE-Major-Project/explain_logs/base_explain_1764811180049.txt,,,,,,
sess-1764811070,laplace,0.0,2.8432233333587646,1.0,0.3517134893750902,0.6549164785038839,0.827,0.777,0.797,0.787,0.396,file://secure_store/local_updates/dp_laplace_1764811180060.pt.enc,"{""agent"": ""dp-agent"", ""session_id"": ""sess-1764811070"", ""operation"": ""dp_process_update"", ""params"": {""clip_norm"": 1.0, ""clip_applied"": true, ""noise_multiplier"": 0.0, ""mechanism"": ""laplace"", ""l2_norm_before"": 2.8432233333587646, ""l2_norm_after"": 1.0}, ""outputs"": [""file://secure_store/local_updates/dp_laplace_1764811180060.pt.enc""], ""timestamp"": ""2025-12-04T01:19:40.061121Z"", ""signature"": ""IJB9lItGkU2tZkAOB3u8KSzPhLWkkbGoBRBi9BtMmQI=""}",file:///home/ritik26/Desktop/BE-Major-Project/receipts/receipt_dacdda5a79d04500a6ccc82debf9ee4e.json,base,/home/ritik26/Desktop/BE-Major-Project/explain_logs/base_explain_1764811180049.txt,,,,,,
sess-1764811070,laplace,0.5,2.8432233333587646,8.162361145019531,2.8708125198544763,0.6632423728337683,0.9,0.85,0.87,0.86,0.263,file://secure_store/local_updates/dp_laplace_1764811180062.pt.enc,"{""agent"": ""dp-agent"", ""session_id"": ""sess-1764811070"", ""operation"": ""dp_process_update"", ""params"": {""clip_norm"": 1.0, ""clip_applied"": true, ""noise_multiplier"": 0.5, ""mechanism"": ""laplace"", ""l2_norm_before"": 2.8432233333587646, ""l2_norm_after"": 8.162361145019531}, ""outputs"": [""file://secure_store/local_updates/dp_laplace_1764811180062.pt.enc""], ""timestamp"": ""2025-12-04T01:19:40.063188Z"", ""signature"": ""ZtERyOXFiy4RBgRA4icaNMduYWZbbVkaAmDPvNkLWtM=""}",file:///home/ritik26/Desktop/BE-Major-Project/receipts/receipt_72ff2aca2c054e69b041b3b573224fb7.json,base,/home/ritik26/Desktop/BE-Major-Project/explain_logs/base_explain_1764811180049.txt,,,,,,
sess-1764811070,laplace,1.0,2.8432233333587646,10.652737617492676,3.7467115188456344,0.6705164006670116,0.726,0.676,0.696,0.686,0.219,file://secure_store/local_updates/dp_laplace_1764811180064.pt.enc,"{""agent"": ""dp-agent"", ""session_id"": ""sess-1764811070"", ""operation"": ""dp_process_update"", ""params"": {""clip_norm"": 1.0, ""clip_applied"": true, ""noise_multiplier"": 1.0, ""mechanism"": ""laplace"", ""l2_norm_before"": 2.8432233333587646, ""l2_norm_after"": 10.652737617492676}, ""outputs"": [""file://secure_store/local_updates/dp_laplace_1764811180064.pt.enc""], ""timestamp"": ""2025-12-04T01:19:40.065179Z"", ""signature"": ""oUSxskNCK7Ce3kY/g/7m46DyKRB+2yZpJxCKf67NBLk=""}",file:///home/ritik26/Desktop/BE-Major-Project/receipts/receipt_d3747fc6f4a14eb0944b1ecc163fe1d3.json,base,/home/ritik26/Desktop/BE-Major-Project/explain_logs/base_explain_1764811180049.txt,,,,,,
sess-1764811070,laplace,1.5,2.8432233333587646,16.434612274169922,5.78027482947499,0.6583784898149568,0.836,0.786,0.806,0.796,0.312,file://secure_store/local_updates/dp_laplace_1764811180066.pt.enc,"{""agent"": ""dp-agent"", ""session_id"": ""sess-1764811070"", ""operation"": ""dp_process_update"", ""params"": {""clip_norm"": 1.0, ""clip_applied"": true, ""noise_multiplier"": 1.5, ""mechanism"": ""laplace"", ""l2_norm_before"": 2.8432233333587646, ""l2_norm_after"": 16.434612274169922}, ""outputs"": [""file://secure_store/local_updates/dp_laplace_1764811180066.pt.enc""], ""timestamp"": ""2025-12-04T01:19:40.067131Z"", ""signature"": ""MYNlp4ZsvK4G6fPQDn+BXDntbTKpgHFqQcv6q4LU1II=""}",file:///home/ritik26/Desktop/BE-Major-Project/receipts/receipt_901d4da7d7d140a49718c96b908efe2d.json,base,/home/ritik26/Desktop/BE-Major-Project/explain_logs/base_explain_1764811180049.txt,,,,,,
sess-1764811070,laplace,2.0,2.8432233333587646,22.15576171875,7.792480263864609,0.6517817140390121,0.767,0.717,0.737,0.727,0.192,file://secure_store/local_updates/dp_laplace_1764811180068.pt.enc,"{""agent"": ""dp-agent"", ""session_id"": ""sess-1764811070"", ""operation"": ""dp_process_update"", ""params"": {""clip_norm"": 1.0, ""clip_applied"": true, ""noise_multiplier"": 2.0, ""mechanism"": ""laplace"", ""l2_norm_before"": 2.8432233333587646, ""l2_norm_after"": 22.15576171875}, ""outputs"": [""file://secure_store/local_updates/dp_laplace_1764811180068.pt.enc""], ""timestamp"": ""2025-12-04T01:19:40.069049Z"", ""signature"": ""luEQ1PZG/f7nxYq4TGHx7hIa4Gf53se0OCT7MhMdndc=""}",file:///home/ritik26/Desktop/BE-Major-Project/receipts/receipt_d54beff88ba04f598e0a608a5b3a830d.json,base,/home/ritik26/Desktop/BE-Major-Project/explain_logs/base_explain_1764811180049.txt,,,,,,
sess-1764811070,uniform,0.0,2.8432233333587646,1.0,0.3517134893750902,0.6627196561850052,0.68,0.63,0.65,0.64,0.33,file://secure_store/local_updates/dp_uniform_1764811180070.pt.enc,"{""agent"": ""dp-agent"", ""session_id"": ""sess-1764811070"", ""operation"": ""dp_process_update"", ""params"": {""clip_norm"": 1.0, ""clip_applied"": true, ""noise_multiplier"": 0.0, ""mechanism"": ""uniform"", ""l2_norm_before"": 2.8432233333587646, ""l2_norm_after"": 1.0}, ""outputs"": [""file://secure_store/local_updates/dp_uniform_1764811180070.pt.enc""], ""timestamp"": ""2025-12-04T01:19:40.070757Z"", ""signature"": ""fJM5LPl6hUj8Pc9GDsXjIY9d891ZFSGe6A0a1ObRsW0=""}",file:///home/ritik26/Desktop/BE-Major-Project/receipts/receipt_422d5a9fa6d84900be1b57efad16f61e.json,base,/home/ritik26/Desktop/BE-Major-Project/explain_logs/base_explain_1764811180049.txt,,,,,,
sess-1764811070,uniform,0.5,2.8432233333587646,2.4512367248535156,0.8621330217825979,0.6621272473038483,0.712,0.662,0.682,0.672,0.296,file://secure_store/local_updates/dp_uniform_1764811180072.pt.enc,"{""agent"": ""dp-agent"", ""session_id"": ""sess-1764811070"", ""operation"": ""dp_process_update"", ""params"": {""clip_norm"": 1.0, ""clip_applied"": true, ""noise_multiplier"": 0.5, ""mechanism"": ""uniform"", ""l2_norm_before"": 2.8432233333587646, ""l2_norm_after"": 2.4512367248535156}, ""outputs"": [""file://secure_store/local_updates/dp_uniform_1764811180072.pt.enc""], ""timestamp"": ""2025-12-04T01:19:40.072496Z"", ""signature"": ""hKTajN2IWMxGxTygJy9+/Vd7UN9kO86tlM2vLGj67SY=""}",file:///home/ritik26/Desktop/BE-Major-Project/receipts/receipt_7669e12864ed4016841b4118f4fe99f1.json,base,/home/ritik26/Desktop/BE-Major-Project/explain_logs/base_explain_1764811180049.txt,,,,,,
sess-1764811070,uniform,1.0,2.8432233333587646,5.439528942108154,1.913155704785652,0.6459777944502384,0.683,0.633,0.653,0.643,0.371,file://secure_store/local_updates/dp_uniform_1764811180074.pt.enc,"{""agent"": ""dp-agent"", ""session_id"": ""sess-1764811070"", ""operation"": ""dp_process_update"", ""params"": {""clip_norm"": 1.0, ""clip_applied"": true, ""noise_multiplier"": 1.0, ""mechanism"": ""uniform"", ""l2_norm_before"": 2.8432233333587646, ""l2_norm_after"": 5.439528942108154}, ""outputs"": [""file://secure_store/local_updates/dp_uniform_1764811180074.pt.enc""], ""timestamp"": ""2025-12-04T01:19:40.074327Z"", ""signature"": ""FZGL1Y4REFGVjZj6OonptWDaik0nOY6iIs8uArqf8yM=""}",file:///home/ritik26/Desktop/BE-Major-Project/receipts/receipt_e701c9a1cfe44320800ae8f58a212a61.json,base,/home/ritik26/Desktop/BE-Major-Project/explain_logs/base_explain_1764811180049.txt,,,,,,
sess-1764811070,uniform,1.5,2.8432233333587646,7.470364570617676,2.6274279900359905,0.6526725419777488,0.689,0.639,0.659,0.649,0.242,file://secure_store/local_updates/dp_uniform_1764811180075.pt.enc,"{""agent"": ""dp-agent"", ""session_id"": ""sess-1764811070"", ""operation"": ""dp_process_update"", ""params"": {""clip_norm"": 1.0, ""clip_applied"": true, ""noise_multiplier"": 1.5, ""mechanism"": ""uniform"", ""l2_norm_before"": 2.8432233333587646, ""l2_norm_after"": 7.470364570617676}, ""outputs"": [""file://secure_store/local_updates/dp_uniform_1764811180075.pt.enc""], ""timestamp"": ""2025-12-04T01:19:40.076103Z"", ""signature"": ""WekzYkNdm54LE+yXkyAvGYSHjjbo3uFUFDROfnMxZYk=""}",file:///home/ritik26/Desktop/BE-Major-Project/receipts/receipt_c660442c748e4f789741ecd5b7a63056.json,base,/home/ritik26/Desktop/BE-Major-Project/explain_logs/base_explain_1764811180049.txt,,,,,,
sess-1764811070,uniform,2.0,2.8432233333587646,10.896408081054688,3.832413707842675,0.6454383280423682,0.764,0.714,0.734,0.724,0.385,file://secure_store/local_updates/dp_uniform_1764811180077.pt.enc,"{""agent"": ""dp-agent"", ""session_id"": ""sess-1764811070"", ""operation"": ""dp_process_update"", ""params"": {""clip_norm"": 1.0, ""clip_applied"": true, ""noise_multiplier"": 2.0, ""mechanism"": ""uniform"", ""l2_norm_before"": 2.8432233333587646, ""l2_norm_after"": 10.896408081054688}, ""outputs"": [""file://secure_store/local_updates/dp_uniform_1764811180077.pt.enc""], ""timestamp"": ""2025-12-04T01:19:40.078028Z"", ""signature"": ""zLfX5OkEc7Os7cOaDKVvixoghmQcjkMN/Pd473369AM=""}",file:///home/ritik26/Desktop/BE-Major-Project/receipts/receipt_cb5b7153a157413d8bad974c7dc81545.json,base,/home/ritik26/Desktop/BE-Major-Project/explain_logs/base_explain_1764811180049.txt,,,,,,
sess-1764811070,exponential,0.0,2.8432233333587646,1.0,0.3517134893750902,0.6528254427857401,0.618,0.568,0.588,0.578,0.321,file://secure_store/local_updates/dp_exponential_1764811180079.pt.enc,"{""agent"": ""dp-agent"", ""session_id"": ""sess-1764811070"", ""operation"": ""dp_process_update"", ""params"": {""clip_norm"": 1.0, ""clip_applied"": true, ""noise_multiplier"": 0.0, ""mechanism"": ""exponential"", ""l2_norm_before"": 2.8432233333587646, ""l2_norm_after"": 1.0}, ""outputs"": [""file://secure_store/local_updates/dp_exponential_1764811180079.pt.enc""], ""timestamp"": ""2025-12-04T01:19:40.079770Z"", ""signature"": ""41AnOYKbvcdpdliS38slDX9VCwf46g+sODiuLN8R4Ls=""}",file:///home/ritik26/Desktop/BE-Major-Project/receipts/receipt_c9fa2ea5899141009e76cdb805044506.json,base,/home/ritik26/Desktop/BE-Major-Project/explain_logs/base_explain_1764811180049.txt,,,,,,
sess-1764811070,exponential,0.5,2.8432233333587646,30.81903839111328,10.83947153172332,0.6517494245809817,0.67,0.62,0.64,0.63,0.316,file://secure_store/local_updates/dp_exponential_1764811180081.pt.enc,"{""agent"": ""dp-agent"", ""session_id"": ""sess-1764811070"", ""operation"": ""dp_process_update"", ""params"": {""clip_norm"": 1.0, ""clip_applied"": true, ""noise_multiplier"": 0.5, ""mechanism"": ""exponential"", ""l2_norm_before"": 2.8432233333587646, ""l2_norm_after"": 30.81903839111328}, ""outputs"": [""file://secure_store/local_updates/dp_exponential_1764811180081.pt.enc""], ""timestamp"": ""2025-12-04T01:19:40.081713Z"", ""signature"": ""u0zyF1gJHDMUr+wo3MiitoR54ZCulhfT/9OZnPLSLY8=""}",file:///home/ritik26/Desktop/BE-Major-Project/receipts/receipt_951136abe94044bf90470a78e7b692d0.json,base,/home/ritik26/Desktop/BE-Major-Project/explain_logs/base_explain_1764811180049.txt,,,,,,
sess-1764811070,exponential,1.0,2.8432233333587646,13.023778915405273,4.5806387271869164,0.6549148862312454,0.806,0.756,0.776,0.766,0.141,file://secure_store/local_updates/dp_exponential_1764811180083.pt.enc,"{""agent"": ""dp-agent"", ""session_id"": ""sess-1764811070"", ""operation"": ""dp_process_update"", ""params"": {""clip_norm"": 1.0, ""clip_applied"": true, ""noise_multiplier"": 1.0, ""mechanism"": ""exponential"", ""l2_norm_before"": 2.8432233333587646, ""l2_norm_after"": 13.023778915405273}, ""outputs"": [""file://secure_store/local_updates/dp_exponential_1764811180083.pt.enc""], ""timestamp"": ""2025-12-04T01:19:40.083685Z"", ""signature"": ""C2MVcdnkBpQBdEl02IKPuYwagcbwBVaYCVJjm3qr/mo=""}",file:///home/ritik26/Desktop/BE-Major-Project/receipts/receipt_2dd5734755aa428b98f7e05a7ae45976.json,base,/home/ritik26/Desktop/BE-Major-Project/explain_logs/base_explain_1764811180049.txt,,,,,,
sess-1764811070,exponential,1.5,2.8432233333587646,7.5295305252075195,2.6482374543769924,0.6447096263046805,0.658,0.608,0.628,0.618,0.118,file://secure_store/local_updates/dp_exponential_1764811180085.pt.enc,"{""agent"": ""dp-agent"", ""session_id"": ""sess-1764811070"", ""operation"": ""dp_process_update"", ""params"": {""clip_norm"": 1.0, ""clip_applied"": true, ""noise_multiplier"": 1.5, ""mechanism"": ""exponential"", ""l2_norm_before"": 2.8432233333587646, ""l2_norm_after"": 7.5295305252075195}, ""outputs"": [""file://secure_store/local_updates/dp_exponential_1764811180085.pt.enc""], ""timestamp"": ""2025-12-04T01:19:40.085599Z"", ""signature"": ""Pq4/XTCJkJz3gio6YgPH4N/3tHkgm6wJNQwHDrEeTm0=""}",file:///home/ritik26/Desktop/BE-Major-Project/receipts/receipt_25f9e271b7614ec4a1812b62d818b356.json,base,/home/ritik26/Desktop/BE-Major-Project/explain_logs/base_explain_1764811180049.txt,,,,,,
sess-1764811070,exponential,2.0,2.8432233333587646,6.543776512145996,2.301534470777626,0.6579215655823647,0.762,0.712,0.732,0.722,0.296,file://secure_store/local_updates/dp_exponential_1764811180087.pt.enc,"{""agent"": ""dp-agent"", ""session_id"": ""sess-1764811070"", ""operation"": ""dp_process_update"", ""params"": {""clip_norm"": 1.0, ""clip_applied"": true, ""noise_multiplier"": 2.0, ""mechanism"": ""exponential"", ""l2_norm_before"": 2.8432233333587646, ""l2_norm_after"": 6.543776512145996}, ""outputs"": [""file://secure_store/local_updates/dp_exponential_1764811180087.pt.enc""], ""timestamp"": ""2025-12-04T01:19:40.087447Z"", ""signature"": ""wY+kEaXzMTHLEDL6fgPcuabZBcaDxBNYj8V48phnGng=""}",file:///home/ritik26/Desktop/BE-Major-Project/receipts/receipt_a6b0eb8e4f114c928410c5ac429ddbe4.json,base,/home/ritik26/Desktop/BE-Major-Project/explain_logs/base_explain_1764811180049.txt,,,,,,
sess-1764811070,student_t,0.0,2.8432233333587646,1.0,0.3517134893750902,0.6385449898810508,0.635,0.585,0.605,0.595,0.302,file://secure_store/local_updates/dp_student_t_1764811180089.pt.enc,"{""agent"": ""dp-agent"", ""session_id"": ""sess-1764811070"", ""operation"": ""dp_process_update"", ""params"": {""clip_norm"": 1.0, ""clip_applied"": true, ""noise_multiplier"": 0.0, ""mechanism"": ""student_t"", ""l2_norm_before"": 2.8432233333587646, ""l2_norm_after"": 1.0}, ""outputs"": [""file://secure_store/local_updates/dp_student_t_1764811180089.pt.enc""], ""timestamp"": ""2025-12-04T01:19:40.089227Z"", ""signature"": ""6GGCtt0u5OuLeeENnAaUEYbNiYVXSdIjFj7RjOA5KLQ=""}",file:///home/ritik26/Desktop/BE-Major-Project/receipts/receipt_c0639440a68a435198c342aff750de49.json,base,/home/ritik26/Desktop/BE-Major-Project/explain_logs/base_explain_1764811180049.txt,,,,,,
sess-1764811070,student_t,0.5,2.8432233333587646,5.3202385902404785,1.8711996788814895,0.6520253585738114,0.85,0.8,0.82,0.81,0.327,file://secure_store/local_updates/dp_student_t_1764811180091.pt.enc,"{""agent"": ""dp-agent"", ""session_id"": ""sess-1764811070"", ""operation"": ""dp_process_update"", ""params"": {""clip_norm"": 1.0, ""clip_applied"": true, ""noise_multiplier"": 0.5, ""mechanism"": ""student_t"", ""l2_norm_before"": 2.8432233333587646, ""l2_norm_after"": 5.3202385902404785}, ""outputs"": [""file://secure_store/local_updates/dp_student_t_1764811180091.pt.enc""], ""timestamp"": ""2025-12-04T01:19:40.091798Z"", ""signature"": ""DNLLn5Ufkls14HspX5H0geq7ngCBNMZRztBm/aFUhus=""}",file:///home/ritik26/Desktop/BE-Major-Project/receipts/receipt_b31d27789bc249cd880883610a30e1a1.json,base,/home/ritik26/Desktop/BE-Major-Project/explain_logs/base_explain_1764811180049.txt,,,,,,
sess-1764811070,student_t,1.0,2.8432233333587646,8.798351287841797,3.0944988321946574,0.6525855533560758,0.754,0.704,0.724,0.714,0.256,file://secure_store/local_updates/dp_student_t_1764811180093.pt.enc,"{""agent"": ""dp-agent"", ""session_id"": ""sess-1764811070"", ""operation"": ""dp_process_update"", ""params"": {""clip_norm"": 1.0, ""clip_applied"": true, ""noise_multiplier"": 1.0, ""mechanism"": ""student_t"", ""l2_norm_before"": 2.8432233333587646, ""l2_norm_after"": 8.798351287841797}, ""outputs"": [""file://secure_store/local_updates/dp_student_t_1764811180093.pt.enc""], ""timestamp"": ""2025-12-04T01:19:40.093818Z"", ""signature"": ""DjT4ieXcAja6pS4Um+D0cdTwWGGNEh9wadtg07xGIdE=""}",file:///home/ritik26/Desktop/BE-Major-Project/receipts/receipt_a54c38851db74d76b9ef3050a494167c.json,base,/home/ritik26/Desktop/BE-Major-Project/explain_logs/base_explain_1764811180049.txt,,,,,,
sess-1764811070,student_t,1.5,2.8432233333587646,14.911797523498535,5.244680339844499,0.6728585721248853,0.695,0.645,0.665,0.655,0.395,file://secure_store/local_updates/dp_student_t_1764811180095.pt.enc,"{""agent"": ""dp-agent"", ""session_id"": ""sess-1764811070"", ""operation"": ""dp_process_update"", ""params"": {""clip_norm"": 1.0, ""clip_applied"": true, ""noise_multiplier"": 1.5, ""mechanism"": ""student_t"", ""l2_norm_before"": 2.8432233333587646, ""l2_norm_after"": 14.911797523498535}, ""outputs"": [""file://secure_store/local_updates/dp_student_t_1764811180095.pt.enc""], ""timestamp"": ""2025-12-04T01:19:40.095865Z"", ""signature"": ""6XTzrKzqZ+bJjOwx9vlTIGLW2lyA/Pvaq35ysVp1RtI=""}",file:///home/ritik26/Desktop/BE-Major-Project/receipts/receipt_0110a85b5c454d76abce6b8af4c17d20.json,base,/home/ritik26/Desktop/BE-Major-Project/explain_logs/base_explain_1764811180049.txt,,,,,,
sess-1764811070,student_t,2.0,2.8432233333587646,17.743436813354492,6.24060607513134,0.648634073427254,0.81,0.76,0.78,0.77,0.116,file://secure_store/local_updates/dp_student_t_1764811180097.pt.enc,"{""agent"": ""dp-agent"", ""session_id"": ""sess-1764811070"", ""operation"": ""dp_process_update"", ""params"": {""clip_norm"": 1.0, ""clip_applied"": true, ""noise_multiplier"": 2.0, ""mechanism"": ""student_t"", ""l2_norm_before"": 2.8432233333587646, ""l2_norm_after"": 17.743436813354492}, ""outputs"": [""file://secure_store/local_updates/dp_student_t_1764811180097.pt.enc""], ""timestamp"": ""2025-12-04T01:19:40.097938Z"", ""signature"": ""ok4G5PbMED6NkHR5TnMZDNo8cVsg6pO/Q/pvPMw3xSY=""}",file:///home/ritik26/Desktop/BE-Major-Project/receipts/receipt_47e70ba4aef0465b9029608db88664db.json,base,/home/ritik26/Desktop/BE-Major-Project/explain_logs/base_explain_1764811180049.txt,,,,,,
sess-1764811070,none,0.0,2.8432233333587646,1.0,0.3517134893750902,0.6431554160400049,0.62,0.57,0.59,0.58,0.31,file://secure_store/local_updates/dp_none_1764811180099.pt.enc,"{""agent"": ""dp-agent"", ""session_id"": ""sess-1764811070"", ""operation"": ""dp_process_update"", ""params"": {""clip_norm"": 1.0, ""clip_applied"": true, ""noise_multiplier"": 0.0, ""mechanism"": ""none"", ""l2_norm_before"": 2.8432233333587646, ""l2_norm_after"": 1.0}, ""outputs"": [""file://secure_store/local_updates/dp_none_1764811180099.pt.enc""], ""timestamp"": ""2025-12-04T01:19:40.099676Z"", ""signature"": ""Su5PE/q3TutIdoQI2kAZeGJIMVaQnylFRw1NdhEweCU=""}",file:///home/ritik26/Desktop/BE-Major-Project/receipts/receipt_f6b892c535cd472597a5139c7a72db45.json,base,/home/ritik26/Desktop/BE-Major-Project/explain_logs/base_explain_1764811180049.txt,,,,,,
sess-1764811070,none,0.5,2.8432233333587646,1.0,0.3517134893750902,0.6395725916484171,0.802,0.752,0.772,0.762,0.127,file://secure_store/local_updates/dp_none_1764811180101.pt.enc,"{""agent"": ""dp-agent"", ""session_id"": ""sess-1764811070"", ""operation"": ""dp_process_update"", ""params"": {""clip_norm"": 1.0, ""clip_applied"": true, ""noise_multiplier"": 0.5, ""mechanism"": ""none"", ""l2_norm_before"": 2.8432233333587646, ""l2_norm_after"": 1.0}, ""outputs"": [""file://secure_store/local_updates/dp_none_1764811180101.pt.enc""], ""timestamp"": ""2025-12-04T01:19:40.101382Z"", ""signature"": ""SlaGM7zRuMdAWPWdlfftrDe0r8fLMi71D9cqWhjWlDk=""}",file:///home/ritik26/Desktop/BE-Major-Project/receipts/receipt_ba9deb7bc699445d844173348220c977.json,base,/home/ritik26/Desktop/BE-Major-Project/explain_logs/base_explain_1764811180049.txt,,,,,,
sess-1764811070,none,1.0,2.8432233333587646,1.0,0.3517134893750902,0.6584928645376981,0.762,0.712,0.732,0.722,0.266,file://secure_store/local_updates/dp_none_1764811180103.pt.enc,"{""agent"": ""dp-agent"", ""session_id"": ""sess-1764811070"", ""operation"": ""dp_process_update"", ""params"": {""clip_norm"": 1.0, ""clip_applied"": true, ""noise_multiplier"": 1.0, ""mechanism"": ""none"", ""l2_norm_before"": 2.8432233333587646, ""l2_norm_after"": 1.0}, ""outputs"": [""file://secure_store/local_updates/dp_none_1764811180103.pt.enc""], ""timestamp"": ""2025-12-04T01:19:40.103263Z"", ""signature"": ""HnZeg6lsLDsFiCIlLLC+CXHwcNZtCBijaUHoryqmlgI=""}",file:///home/ritik26/Desktop/BE-Major-Project/receipts/receipt_7be322f3d95a4405bde3936708f8b5b9.json,base,/home/ritik26/Desktop/BE-Major-Project/explain_logs/base_explain_1764811180049.txt,,,,,,
sess-1764811070,none,1.5,2.8432233333587646,1.0,0.3517134893750902,0.6433147985427159,0.609,0.559,0.579,0.569,0.224,file://secure_store/local_updates/dp_none_1764811180104.pt.enc,"{""agent"": ""dp-agent"", ""session_id"": ""sess-1764811070"", ""operation"": ""dp_process_update"", ""params"": {""clip_norm"": 1.0, ""clip_applied"": true, ""noise_multiplier"": 1.5, ""mechanism"": ""none"", ""l2_norm_before"": 2.8432233333587646, ""l2_norm_after"": 1.0}, ""outputs"": [""file://secure_store/local_updates/dp_none_1764811180104.pt.enc""], ""timestamp"": ""2025-12-04T01:19:40.104968Z"", ""signature"": ""pcwuTIiB86Ue6GWAJf+idY8iOsUJPxOqBnqOLAPf93w=""}",file:///home/ritik26/Desktop/BE-Major-Project/receipts/receipt_d669e15a3fd24f53a07750d89516946a.json,base,/home/ritik26/Desktop/BE-Major-Project/explain_logs/base_explain_1764811180049.txt,,,,,,
sess-1764811070,none,2.0,2.8432233333587646,1.0,0.3517134893750902,0.6548861370235672,0.781,0.731,0.751,0.741,0.235,file://secure_store/local_updates/dp_none_1764811180106.pt.enc,"{""agent"": ""dp-agent"", ""session_id"": ""sess-1764811070"", ""operation"": ""dp_process_update"", ""params"": {""clip_norm"": 1.0, ""clip_applied"": true, ""noise_multiplier"": 2.0, ""mechanism"": ""none"", ""l2_norm_before"": 2.8432233333587646, ""l2_norm_after"": 1.0}, ""outputs"": [""file://secure_store/local_updates/dp_none_1764811180106.pt.enc""], ""timestamp"": ""2025-12-04T01:19:40.106640Z"", ""signature"": ""j1LJOhyn4UxFvgbXolB0aC8n5KADv6zqiC1SLkTJEqs=""}",file:///home/ritik26/Desktop/BE-Major-Project/receipts/receipt_7bb88614f8cc44d4837515ef093d0473.json,base,/home/ritik26/Desktop/BE-Major-Project/explain_logs/base_explain_1764811180049.txt,,,,,,
sess-1764811070,gaussian,0.0,2.4068570137023926,0.9999998807907104,0.41547955473971526,0.6404015737716963,0.831,0.781,0.801,0.791,0.305,file://secure_store/local_updates/dp_gaussian_1764811181236.pt.enc,"{""agent"": ""dp-agent"", ""session_id"": ""sess-1764811070"", ""operation"": ""dp_process_update"", ""params"": {""clip_norm"": 1.0, ""clip_applied"": true, ""noise_multiplier"": 0.0, ""mechanism"": ""gaussian"", ""l2_norm_before"": 2.4068570137023926, ""l2_norm_after"": 0.9999998807907104}, ""outputs"": [""file://secure_store/local_updates/dp_gaussian_1764811181236.pt.enc""], ""timestamp"": ""2025-12-04T01:19:41.237162Z"", ""signature"": ""mVtO0B+dyCRfHH0MBLnGaK/NG4fvXPR8r1NhOzCHdtM=""}",file:///home/ritik26/Desktop/BE-Major-Project/receipts/receipt_62aef2308f044c2980279064014a6b21.json,rag,/home/ritik26/Desktop/BE-Major-Project/explain_logs/rag_explain_1764811181233.txt,35.44945191865708,38.52386998743616,5,35.44945191865708,38.52386998743616,5.0
sess-1764811070,gaussian,0.5,2.4068570137023926,5.484777450561523,2.2788131646614307,0.6617182035690525,0.62,0.57,0.59,0.58,0.181,file://secure_store/local_updates/dp_gaussian_1764811181240.pt.enc,"{""agent"": ""dp-agent"", ""session_id"": ""sess-1764811070"", ""operation"": ""dp_process_update"", ""params"": {""clip_norm"": 1.0, ""clip_applied"": true, ""noise_multiplier"": 0.5, ""mechanism"": ""gaussian"", ""l2_norm_before"": 2.4068570137023926, ""l2_norm_after"": 5.484777450561523}, ""outputs"": [""file://secure_store/local_updates/dp_gaussian_1764811181240.pt.enc""], ""timestamp"": ""2025-12-04T01:19:41.241342Z"", ""signature"": ""wsB6nekMTrUCRIxSmh+GSI9f8cWxdTCHJpFk3lgXCuM=""}",file:///home/ritik26/Desktop/BE-Major-Project/receipts/receipt_7a13029b34ff448a98655b1291af4655.json,rag,/home/ritik26/Desktop/BE-Major-Project/explain_logs/rag_explain_1764811181233.txt,35.44945191865708,38.52386998743616,5,35.44945191865708,38.52386998743616,5.0
sess-1764811070,gaussian,1.0,2.4068570137023926,12.172015190124512,5.05722405434607,0.661893476755289,0.724,0.674,0.694,0.684,0.36,file://secure_store/local_updates/dp_gaussian_1764811181245.pt.enc,"{""agent"": ""dp-agent"", ""session_id"": ""sess-1764811070"", ""operation"": ""dp_process_update"", ""params"": {""clip_norm"": 1.0, ""clip_applied"": true, ""noise_multiplier"": 1.0, ""mechanism"": ""gaussian"", ""l2_norm_before"": 2.4068570137023926, ""l2_norm_after"": 12.172015190124512}, ""outputs"": [""file://secure_store/local_updates/dp_gaussian_1764811181245.pt.enc""], ""timestamp"": ""2025-12-04T01:19:41.245534Z"", ""signature"": ""jbxWyqF4c0+V6Ylf7E6ItXWOLUojiUjA73o4k94dTNc=""}",file:///home/ritik26/Desktop/BE-Major-Project/receipts/receipt_3ece29f206ad47da9c08424c1c1b3933.json,rag,/home/ritik26/Desktop/BE-Major-Project/explain_logs/rag_explain_1764811181233.txt,35.44945191865708,38.52386998743616,5,35.44945191865708,38.52386998743616,5.0
sess-1764811070,gaussian,1.5,2.4068570137023926,16.44658660888672,6.833221295831874,0.6458254562525843,0.872,0.822,0.842,0.832,0.202,file://secure_store/local_updates/dp_gaussian_1764811181249.pt.enc,"{""agent"": ""dp-agent"", ""session_id"": ""sess-1764811070"", ""operation"": ""dp_process_update"", ""params"": {""clip_norm"": 1.0, ""clip_applied"": true, ""noise_multiplier"": 1.5, ""mechanism"": ""gaussian"", ""l2_norm_before"": 2.4068570137023926, ""l2_norm_after"": 16.44658660888672}, ""outputs"": [""file://secure_store/local_updates/dp_gaussian_1764811181249.pt.enc""], ""timestamp"": ""2025-12-04T01:19:41.249547Z"", ""signature"": ""lpbtDLzINHXyHX2flPg8rTe3R12vhannQKOAnMrWzuk=""}",file:///home/ritik26/Desktop/BE-Major-Project/receipts/receipt_37467ca8b544463e8b923520beffd314.json,rag,/home/ritik26/Desktop/BE-Major-Project/explain_logs/rag_explain_1764811181233.txt,35.44945191865708,38.52386998743616,5,35.44945191865708,38.52386998743616,5.0
sess-1764811070,gaussian,2.0,2.4068570137023926,20.93710708618164,8.698940966699059,0.6449442233058097,0.624,0.574,0.594,0.584,0.293,file://secure_store/local_updates/dp_gaussian_1764811181253.pt.enc,"{""agent"": ""dp-agent"", ""session_id"": ""sess-1764811070"", ""operation"": ""dp_process_update"", ""params"": {""clip_norm"": 1.0, ""clip_applied"": true, ""noise_multiplier"": 2.0, ""mechanism"": ""gaussian"", ""l2_norm_before"": 2.4068570137023926, ""l2_norm_after"": 20.93710708618164}, ""outputs"": [""file://secure_store/local_updates/dp_gaussian_1764811181253.pt.enc""], ""timestamp"": ""2025-12-04T01:19:41.253613Z"", ""signature"": ""x1+6Z03iaNCAnYUricX0u3nH9gFqKOHOHbOVSNeijWc=""}",file:///home/ritik26/Desktop/BE-Major-Project/receipts/receipt_ccfc164b28964c0ebfe5d8b9cfac98ab.json,rag,/home/ritik26/Desktop/BE-Major-Project/explain_logs/rag_explain_1764811181233.txt,35.44945191865708,38.52386998743616,5,35.44945191865708,38.52386998743616,5.0
sess-1764811070,laplace,0.0,2.4068570137023926,0.9999998807907104,0.41547955473971526,0.6426056139073414,0.668,0.618,0.638,0.628,0.332,file://secure_store/local_updates/dp_laplace_1764811181256.pt.enc,"{""agent"": ""dp-agent"", ""session_id"": ""sess-1764811070"", ""operation"": ""dp_process_update"", ""params"": {""clip_norm"": 1.0, ""clip_applied"": true, ""noise_multiplier"": 0.0, ""mechanism"": ""laplace"", ""l2_norm_before"": 2.4068570137023926, ""l2_norm_after"": 0.9999998807907104}, ""outputs"": [""file://secure_store/local_updates/dp_laplace_1764811181256.pt.enc""], ""timestamp"": ""2025-12-04T01:19:41.256475Z"", ""signature"": ""8wsSKUN4THlyiYdee2V/mQ7mO/YbVw+hQibuag3Gtpw=""}",file:///home/ritik26/Desktop/BE-Major-Project/receipts/receipt_e89b60d3092143f79a44990cad084146.json,rag,/home/ritik26/Desktop/BE-Major-Project/explain_logs/rag_explain_1764811181233.txt,35.44945191865708,38.52386998743616,5,35.44945191865708,38.52386998743616,5.0
sess-1764811070,laplace,0.5,2.4068570137023926,8.50301742553711,3.53283031505239,0.6478242302940709,0.656,0.606,0.626,0.616,0.246,file://secure_store/local_updates/dp_laplace_1764811181258.pt.enc,"{""agent"": ""dp-agent"", ""session_id"": ""sess-1764811070"", ""operation"": ""dp_process_update"", ""params"": {""clip_norm"": 1.0, ""clip_applied"": true, ""noise_multiplier"": 0.5, ""mechanism"": ""laplace"", ""l2_norm_before"": 2.4068570137023926, ""l2_norm_after"": 8.50301742553711}, ""outputs"": [""file://secure_store/local_updates/dp_laplace_1764811181258.pt.enc""], ""timestamp"": ""2025-12-04T01:19:41.258660Z"", ""signature"": ""UscJHgF7bowTVGKr3x6feKzEf83cuUT+vhWWf84ZDe8=""}",file:///home/ritik26/Desktop/BE-Major-Project/receipts/receipt_814d2505569b4379852f9e76c3818679.json,rag,/home/ritik26/Desktop/BE-Major-Project/explain_logs/rag_explain_1764811181233.txt,35.44945191865708,38.52386998743616,5,35.44945191865708,38.52386998743616,5.0
sess-1764811070,laplace,1.0,2.4068570137023926,14.98271656036377,6.225013147370692,0.6496156940728902,0.873,0.823,0.843,0.833,0.308,file://secure_store/local_updates/dp_laplace_1764811181260.pt.enc,"{""agent"": ""dp-agent"", ""session_id"": ""sess-1764811070"", ""operation"": ""dp_process_update"", ""params"": {""clip_norm"": 1.0, ""clip_applied"": true, ""noise_multiplier"": 1.0, ""mechanism"": ""laplace"", ""l2_norm_before"": 2.4068570137023926, ""l2_norm_after"": 14.98271656036377}, ""outputs"": [""file://secure_store/local_updates/dp_laplace_1764811181260.pt.enc""], ""timestamp"": ""2025-12-04T01:19:41.261119Z"", ""signature"": ""Dem/m6CJOEjwFGLgXmLMRsZGuNxojSk9m+dqcNfs2qQ=""}",file:///home/ritik26/Desktop/BE-Major-Project/receipts/receipt_c0a1d807706b413590d6665e5c9ebc6e.json,rag,/home/ritik26/Desktop/BE-Major-Project/explain_logs/rag_explain_1764811181233.txt,35.44945191865708,38.52386998743616,5,35.44945191865708,38.52386998743616,5.0
sess-1764811070,laplace,1.5,2.4068570137023926,24.349834442138672,10.116859578029201,0.6426817034709261,0.826,0.776,0.796,0.786,0.238,file://secure_store/local_updates/dp_laplace_1764811181263.pt.enc,"{""agent"": ""dp-agent"", ""session_id"": ""sess-1764811070"", ""operation"": ""dp_process_update"", ""params"": {""clip_norm"": 1.0, ""clip_applied"": true, ""noise_multiplier"": 1.5, ""mechanism"": ""laplace"", ""l2_norm_before"": 2.4068570137023926, ""l2_norm_after"": 24.349834442138672}, ""outputs"": [""file://secure_store/local_updates/dp_laplace_1764811181263.pt.enc""], ""timestamp"": ""2025-12-04T01:19:41.264425Z"", ""signature"": ""JITdJp868AxV58tBbPh60ZAbb77ajZV39vmIB6/QMGg=""}",file:///home/ritik26/Desktop/BE-Major-Project/receipts/receipt_626df632b01c4691bb56f1d9d1ba9382.json,rag,/home/ritik26/Desktop/BE-Major-Project/explain_logs/rag_explain_1764811181233.txt,35.44945191865708,38.52386998743616,5,35.44945191865708,38.52386998743616,5.0
sess-1764811070,laplace,2.0,2.4068570137023926,35.22509765625,14.635309634546601,0.6574237848154533,0.869,0.819,0.839,0.829,0.324,file://secure_store/local_updates/dp_laplace_1764811181267.pt.enc,"{""agent"": ""dp-agent"", ""session_id"": ""sess-1764811070"", ""operation"": ""dp_process_update"", ""params"": {""clip_norm"": 1.0, ""clip_applied"": true, ""noise_multiplier"": 2.0, ""mechanism"": ""laplace"", ""l2_norm_before"": 2.4068570137023926, ""l2_norm_after"": 35.22509765625}, ""outputs"": [""file://secure_store/local_updates/dp_laplace_1764811181267.pt.enc""], ""timestamp"": ""2025-12-04T01:19:41.267315Z"", ""signature"": ""LjFXNCCmgjxpBAcSD3dYCveMpcaySajo7U3FvaCSi4Q=""}",file:///home/ritik26/Desktop/BE-Major-Project/receipts/receipt_2d01f6ccdae245a8836bdc2bdce8a776.json,rag,/home/ritik26/Desktop/BE-Major-Project/explain_logs/rag_explain_1764811181233.txt,35.44945191865708,38.52386998743616,5,35.44945191865708,38.52386998743616,5.0
sess-1764811070,uniform,0.0,2.4068570137023926,0.9999998807907104,0.41547955473971526,0.6576231955641623,0.793,0.743,0.763,0.753,0.117,file://secure_store/local_updates/dp_uniform_1764811181269.pt.enc,"{""agent"": ""dp-agent"", ""session_id"": ""sess-1764811070"", ""operation"": ""dp_process_update"", ""params"": {""clip_norm"": 1.0, ""clip_applied"": true, ""noise_multiplier"": 0.0, ""mechanism"": ""uniform"", ""l2_norm_before"": 2.4068570137023926, ""l2_norm_after"": 0.9999998807907104}, ""outputs"": [""file://secure_store/local_updates/dp_uniform_1764811181269.pt.enc""], ""timestamp"": ""2025-12-04T01:19:41.269261Z"", ""signature"": ""cLCs6+GiefOFYDwoK98aI1puSk2SwVXYYvKhQqRLUtw=""}",file:///home/ritik26/Desktop/BE-Major-Project/receipts/receipt_e6a50757307840d98f779c274fe6fd44.json,rag,/home/ritik26/Desktop/BE-Major-Project/explain_logs/rag_explain_1764811181233.txt,35.44945191865708,38.52386998743616,5,35.44945191865708,38.52386998743616,5.0
sess-1764811070,uniform,0.5,2.4068570137023926,3.393251657485962,1.4098268558365261,0.655090588364816,0.698,0.648,0.668,0.658,0.166,file://secure_store/local_updates/dp_uniform_1764811181270.pt.enc,"{""agent"": ""dp-agent"", ""session_id"": ""sess-1764811070"", ""operation"": ""dp_process_update"", ""params"": {""clip_norm"": 1.0, ""clip_applied"": true, ""noise_multiplier"": 0.5, ""mechanism"": ""uniform"", ""l2_norm_before"": 2.4068570137023926, ""l2_norm_after"": 3.393251657485962}, ""outputs"": [""file://secure_store/local_updates/dp_uniform_1764811181270.pt.enc""], ""timestamp"": ""2025-12-04T01:19:41.271108Z"", ""signature"": ""AdbfTSTZc9fqNBcNIrO2ZxKcdy1XaJk3jhZryDItl18=""}",file:///home/ritik26/Desktop/BE-Major-Project/receipts/receipt_6a1cb90119494ce2920526b533e18454.json,rag,/home/ritik26/Desktop/BE-Major-Project/explain_logs/rag_explain_1764811181233.txt,35.44945191865708,38.52386998743616,5,35.44945191865708,38.52386998743616,5.0
sess-1764811070,uniform,1.0,2.4068570137023926,7.056404113769531,2.9317919887493002,0.6708955190975044,0.834,0.784,0.804,0.794,0.244,file://secure_store/local_updates/dp_uniform_1764811181272.pt.enc,"{""agent"": ""dp-agent"", ""session_id"": ""sess-1764811070"", ""operation"": ""dp_process_update"", ""params"": {""clip_norm"": 1.0, ""clip_applied"": true, ""noise_multiplier"": 1.0, ""mechanism"": ""uniform"", ""l2_norm_before"": 2.4068570137023926, ""l2_norm_after"": 7.056404113769531}, ""outputs"": [""file://secure_store/local_updates/dp_uniform_1764811181272.pt.enc""], ""timestamp"": ""2025-12-04T01:19:41.272987Z"", ""signature"": ""P/o73ZLpksPDb5V2TTTQt2tQEV25+cpTC68nJbKoMQI=""}",file:///home/ritik26/Desktop/BE-Major-Project/receipts/receipt_96702b0cadc6490ca7c3aca3b8167b9d.json,rag,/home/ritik26/Desktop/BE-Major-Project/explain_logs/rag_explain_1764811181233.txt,35.44945191865708,38.52386998743616,5,35.44945191865708,38.52386998743616,5.0
sess-1764811070,uniform,1.5,2.4068570137023926,9.724849700927734,4.0404767053144655,0.6479362800029618,0.763,0.713,0.733,0.723,0.212,file://secure_store/local_updates/dp_uniform_1764811181274.pt.enc,"{""agent"": ""dp-agent"", ""session_id"": ""sess-1764811070"", ""operation"": ""dp_process_update"", ""params"": {""clip_norm"": 1.0, ""clip_applied"": true, ""noise_multiplier"": 1.5, ""mechanism"": ""uniform"", ""l2_norm_before"": 2.4068570137023926, ""l2_norm_after"": 9.724849700927734}, ""outputs"": [""file://secure_store/local_updates/dp_uniform_1764811181274.pt.enc""], ""timestamp"": ""2025-12-04T01:19:41.274804Z"", ""signature"": ""mqvsLDd5LgWFFQenNZfmNX0GRUuWZGjM2iufPCIpMuA=""}",file:///home/ritik26/Desktop/BE-Major-Project/receipts/receipt_7f31f268041e48dd8851972d57e97580.json,rag,/home/ritik26/Desktop/BE-Major-Project/explain_logs/rag_explain_1764811181233.txt,35.44945191865708,38.52386998743616,5,35.44945191865708,38.52386998743616,5.0
sess-1764811070,uniform,2.0,2.4068570137023926,14.261712074279785,5.925450488816529,0.6522491536910572,0.711,0.661,0.681,0.671,0.216,file://secure_store/local_updates/dp_uniform_1764811181276.pt.enc,"{""agent"": ""dp-agent"", ""session_id"": ""sess-1764811070"", ""operation"": ""dp_process_update"", ""params"": {""clip_norm"": 1.0, ""clip_applied"": true, ""noise_multiplier"": 2.0, ""mechanism"": ""uniform"", ""l2_norm_before"": 2.4068570137023926, ""l2_norm_after"": 14.261712074279785}, ""outputs"": [""file://secure_store/local_updates/dp_uniform_1764811181276.pt.enc""], ""timestamp"": ""2025-12-04T01:19:41.276578Z"", ""signature"": ""jHhpMdqfMR2/xMjWjJWzfdoVc40LdwR4kYC6PFFaUt8=""}",file:///home/ritik26/Desktop/BE-Major-Project/receipts/receipt_d96363803501484f9878b0c8a8db3095.json,rag,/home/ritik26/Desktop/BE-Major-Project/explain_logs/rag_explain_1764811181233.txt,35.44945191865708,38.52386998743616,5,35.44945191865708,38.52386998743616,5.0
sess-1764811070,exponential,0.0,2.4068570137023926,0.9999998807907104,0.41547955473971526,0.6523230436033745,0.628,0.578,0.598,0.588,0.257,file://secure_store/local_updates/dp_exponential_1764811181278.pt.enc,"{""agent"": ""dp-agent"", ""session_id"": ""sess-1764811070"", ""operation"": ""dp_process_update"", ""params"": {""clip_norm"": 1.0, ""clip_applied"": true, ""noise_multiplier"": 0.0, ""mechanism"": ""exponential"", ""l2_norm_before"": 2.4068570137023926, ""l2_norm_after"": 0.9999998807907104}, ""outputs"": [""file://secure_store/local_updates/dp_exponential_1764811181278.pt.enc""], ""timestamp"": ""2025-12-04T01:19:41.278312Z"", ""signature"": ""TaeA2jaL5xTH+3O16r0ec7hG/rOua6Qe2v82UmvuT54=""}",file:///home/ritik26/Desktop/BE-Major-Project/receipts/receipt_74f8616c282f4cf3a68b9e73674d5e84.json,rag,/home/ritik26/Desktop/BE-Major-Project/explain_logs/rag_explain_1764811181233.txt,35.44945191865708,38.52386998743616,5,35.44945191865708,38.52386998743616,5.0
sess-1764811070,exponential,0.5,2.4068570137023926,32.4245491027832,13.471738829816815,0.6728855877715566,0.709,0.659,0.679,0.669,0.397,file://secure_store/local_updates/dp_exponential_1764811181280.pt.enc,"{""agent"": ""dp-agent"", ""session_id"": ""sess-1764811070"", ""operation"": ""dp_process_update"", ""params"": {""clip_norm"": 1.0, ""clip_applied"": true, ""noise_multiplier"": 0.5, ""mechanism"": ""exponential"", ""l2_norm_before"": 2.4068570137023926, ""l2_norm_after"": 32.4245491027832}, ""outputs"": [""file://secure_store/local_updates/dp_exponential_1764811181280.pt.enc""], ""timestamp"": ""2025-12-04T01:19:41.280286Z"", ""signature"": ""VsLFGzs6ZzSERNNsY9CeZrSpHnIO3I/9xmwhsTTPsuU=""}",file:///home/ritik26/Desktop/BE-Major-Project/receipts/receipt_fe3bb6a61fa74edf962ff5b85fab392b.json,rag,/home/ritik26/Desktop/BE-Major-Project/explain_logs/rag_explain_1764811181233.txt,35.44945191865708,38.52386998743616,5,35.44945191865708,38.52386998743616,5.0
sess-1764811070,exponential,1.0,2.4068570137023926,17.85003089904785,7.416323774121249,0.656482819437744,0.866,0.816,0.836,0.826,0.229,file://secure_store/local_updates/dp_exponential_1764811181281.pt.enc,"{""agent"": ""dp-agent"", ""session_id"": ""sess-1764811070"", ""operation"": ""dp_process_update"", ""params"": {""clip_norm"": 1.0, ""clip_applied"": true, ""noise_multiplier"": 1.0, ""mechanism"": ""exponential"", ""l2_norm_before"": 2.4068570137023926, ""l2_norm_after"": 17.85003089904785}, ""outputs"": [""file://secure_store/local_updates/dp_exponential_1764811181281.pt.enc""], ""timestamp"": ""2025-12-04T01:19:41.282234Z"", ""signature"": ""Vn2oCQGmHgRfATrODe+zyghTKwHLmOhPYL3QQjgCt90=""}",file:///home/ritik26/Desktop/BE-Major-Project/receipts/receipt_744affe086334410bd8700d833eb926f.json,rag,/home/ritik26/Desktop/BE-Major-Project/explain_logs/rag_explain_1764811181233.txt,35.44945191865708,38.52386998743616,5,35.44945191865708,38.52386998743616,5.0
sess-1764811070,exponential,1.5,2.4068570137023926,10.932450294494629,4.542210122044339,0.6421339829204422,0.838,0.788,0.808,0.798,0.105,file://secure_store/local_updates/dp_exponential_1764811181283.pt.enc,"{""agent"": ""dp-agent"", ""session_id"": ""sess-1764811070"", ""operation"": ""dp_process_update"", ""params"": {""clip_norm"": 1.0, ""clip_applied"": true, ""noise_multiplier"": 1.5, ""mechanism"": ""exponential"", ""l2_norm_before"": 2.4068570137023926, ""l2_norm_after"": 10.932450294494629}, ""outputs"": [""file://secure_store/local_updates/dp_exponential_1764811181283.pt.enc""], ""timestamp"": ""2025-12-04T01:19:41.284213Z"", ""signature"": ""+VmAy+i1NGr0m1HjKFp1aWK3mg9nqXuUmEKVo10WQwA=""}",file:///home/ritik26/Desktop/BE-Major-Project/receipts/receipt_3514a2b7b4e54904a8f29095c0b26fa5.json,rag,/home/ritik26/Desktop/BE-Major-Project/explain_logs/rag_explain_1764811181233.txt,35.44945191865708,38.52386998743616,5,35.44945191865708,38.52386998743616,5.0
sess-1764811070,exponential,2.0,2.4068570137023926,6.78792667388916,2.820245088272718,0.6322045298887495,0.842,0.792,0.812,0.802,0.312,file://secure_store/local_updates/dp_exponential_1764811181285.pt.enc,"{""agent"": ""dp-agent"", ""session_id"": ""sess-1764811070"", ""operation"": ""dp_process_update"", ""params"": {""clip_norm"": 1.0, ""clip_applied"": true, ""noise_multiplier"": 2.0, ""mechanism"": ""exponential"", ""l2_norm_before"": 2.4068570137023926, ""l2_norm_after"": 6.78792667388916}, ""outputs"": [""file://secure_store/local_updates/dp_exponential_1764811181285.pt.enc""], ""timestamp"": ""2025-12-04T01:19:41.286154Z"", ""signature"": ""sLmLIo8u8aq0SvRoR4V3lm7eHQ1Ugq38t1ci8GDlmT0=""}",file:///home/ritik26/Desktop/BE-Major-Project/receipts/receipt_f6182368567949b4ba73bd2288e9f904.json,rag,/home/ritik26/Desktop/BE-Major-Project/explain_logs/rag_explain_1764811181233.txt,35.44945191865708,38.52386998743616,5,35.44945191865708,38.52386998743616,5.0
sess-1764811070,student_t,0.0,2.4068570137023926,0.9999998807907104,0.41547955473971526,0.6444137742761789,0.814,0.764,0.784,0.774,0.117,file://secure_store/local_updates/dp_student_t_1764811181287.pt.enc,"{""agent"": ""dp-agent"", ""session_id"": ""sess-1764811070"", ""operation"": ""dp_process_update"", ""params"": {""clip_norm"": 1.0, ""clip_applied"": true, ""noise_multiplier"": 0.0, ""mechanism"": ""student_t"", ""l2_norm_before"": 2.4068570137023926, ""l2_norm_after"": 0.9999998807907104}, ""outputs"": [""file://secure_store/local_updates/dp_student_t_1764811181287.pt.enc""], ""timestamp"": ""2025-12-04T01:19:41.287953Z"", ""signature"": ""izCfGva1EzW3I+8T4NhnmKp1MIBSYbUHOIhRz0o4j9A=""}",file:///home/ritik26/Desktop/BE-Major-Project/receipts/receipt_a98eeb6a7e7745e4a277afe33ec695ed.json,rag,/home/ritik26/Desktop/BE-Major-Project/explain_logs/rag_explain_1764811181233.txt,35.44945191865708,38.52386998743616,5,35.44945191865708,38.52386998743616,5.0
sess-1764811070,student_t,0.5,2.4068570137023926,6.579797267913818,2.7337715650413945,0.6647040037166675,0.847,0.797,0.817,0.807,0.358,file://secure_store/local_updates/dp_student_t_1764811181290.pt.enc,"{""agent"": ""dp-agent"", ""session_id"": ""sess-1764811070"", ""operation"": ""dp_process_update"", ""params"": {""clip_norm"": 1.0, ""clip_applied"": true, ""noise_multiplier"": 0.5, ""mechanism"": ""student_t"", ""l2_norm_before"": 2.4068570137023926, ""l2_norm_after"": 6.579797267913818}, ""outputs"": [""file://secure_store/local_updates/dp_student_t_1764811181290.pt.enc""], ""timestamp"": ""2025-12-04T01:19:41.290240Z"", ""signature"": ""ysgs1MJpX2l2/hn0Q5nN1CbV/81NR+KX5BCcPVRBov0=""}",file:///home/ritik26/Desktop/BE-Major-Project/receipts/receipt_8a9b4dba081346568ed5c41a27ab7289.json,rag,/home/ritik26/Desktop/BE-Major-Project/explain_logs/rag_explain_1764811181233.txt,35.44945191865708,38.52386998743616,5,35.44945191865708,38.52386998743616,5.0
sess-1764811070,student_t,1.0,2.4068570137023926,13.915140151977539,5.781456923687735,0.6491376626519901,0.631,0.581,0.601,0.591,0.359,file://secure_store/local_updates/dp_student_t_1764811181292.pt.enc,"{""agent"": ""dp-agent"", ""session_id"": ""sess-1764811070"", ""operation"": ""dp_process_update"", ""params"": {""clip_norm"": 1.0, ""clip_applied"": true, ""noise_multiplier"": 1.0, ""mechanism"": ""student_t"", ""l2_norm_before"": 2.4068570137023926, ""l2_norm_after"": 13.915140151977539}, ""outputs"": [""file://secure_store/local_updates/dp_student_t_1764811181292.pt.enc""], ""timestamp"": ""2025-12-04T01:19:41.292312Z"", ""signature"": ""Vv+rN7z+Q2GXvupvPQ5KpSeO2ghh2kd2AdVF1Rh7KEg=""}",file:///home/ritik26/Desktop/BE-Major-Project/receipts/receipt_7d60bf2fa1024b5aa8cc046b80859d76.json,rag,/home/ritik26/Desktop/BE-Major-Project/explain_logs/rag_explain_1764811181233.txt,35.44945191865708,38.52386998743616,5,35.44945191865708,38.52386998743616,5.0
sess-1764811070,student_t,1.5,2.4068570137023926,20.94585418701172,8.702575208690437,0.6414502986678645,0.809,0.759,0.779,0.769,0.177,file://secure_store/local_updates/dp_student_t_1764811181294.pt.enc,"{""agent"": ""dp-agent"", ""session_id"": ""sess-1764811070"", ""operation"": ""dp_process_update"", ""params"": {""clip_norm"": 1.0, ""clip_applied"": true, ""noise_multiplier"": 1.5, ""mechanism"": ""student_t"", ""l2_norm_before"": 2.4068570137023926, ""l2_norm_after"": 20.94585418701172}, ""outputs"": [""file://secure_store/local_updates/dp_student_t_1764811181294.pt.enc""], ""timestamp"": ""2025-12-04T01:19:41.294329Z"", ""signature"": ""wEC//1psBgiVfZ7dB35YAphDtre4Kp5SgxYUmb46yHA=""}",file:///home/ritik26/Desktop/BE-Major-Project/receipts/receipt_6f525ad8152c424d89be2612da3c9e83.json,rag,/home/ritik26/Desktop/BE-Major-Project/explain_logs/rag_explain_1764811181233.txt,35.44945191865708,38.52386998743616,5,35.44945191865708,38.52386998743616,5.0
sess-1764811070,student_t,2.0,2.4068570137023926,25.093063354492188,10.42565603241493,0.6474779704955097,0.695,0.645,0.665,0.655,0.389,file://secure_store/local_updates/dp_student_t_1764811181296.pt.enc,"{""agent"": ""dp-agent"", ""session_id"": ""sess-1764811070"", ""operation"": ""dp_process_update"", ""params"": {""clip_norm"": 1.0, ""clip_applied"": true, ""noise_multiplier"": 2.0, ""mechanism"": ""student_t"", ""l2_norm_before"": 2.4068570137023926, ""l2_norm_after"": 25.093063354492188}, ""outputs"": [""file://secure_store/local_updates/dp_student_t_1764811181296.pt.enc""], ""timestamp"": ""2025-12-04T01:19:41.296316Z"", ""signature"": ""vMeItiCkP/Q2yE8GLz1fz2pusHEX5pa1jSBGfmnvzyg=""}",file:///home/ritik26/Desktop/BE-Major-Project/receipts/receipt_ef3b33e298fb471eb96d015d5a44456a.json,rag,/home/ritik26/Desktop/BE-Major-Project/explain_logs/rag_explain_1764811181233.txt,35.44945191865708,38.52386998743616,5,35.44945191865708,38.52386998743616,5.0
sess-1764811070,none,0.0,2.4068570137023926,0.9999998807907104,0.41547955473971526,0.6669484817290432,0.783,0.733,0.753,0.743,0.208,file://secure_store/local_updates/dp_none_1764811181297.pt.enc,"{""agent"": ""dp-agent"", ""session_id"": ""sess-1764811070"", ""operation"": ""dp_process_update"", ""params"": {""clip_norm"": 1.0, ""clip_applied"": true, ""noise_multiplier"": 0.0, ""mechanism"": ""none"", ""l2_norm_before"": 2.4068570137023926, ""l2_norm_after"": 0.9999998807907104}, ""outputs"": [""file://secure_store/local_updates/dp_none_1764811181297.pt.enc""], ""timestamp"": ""2025-12-04T01:19:41.298067Z"", ""signature"": ""MoUeM+J5TcOm+Ri0diXy4UumC1JoYR8LG9SfzuBp5Vw=""}",file:///home/ritik26/Desktop/BE-Major-Project/receipts/receipt_2c809c6966ee4bcebd5fc22776bfaaa0.json,rag,/home/ritik26/Desktop/BE-Major-Project/explain_logs/rag_explain_1764811181233.txt,35.44945191865708,38.52386998743616,5,35.44945191865708,38.52386998743616,5.0
sess-1764811070,none,0.5,2.4068570137023926,0.9999998807907104,0.41547955473971526,0.6522449571520614,0.898,0.848,0.868,0.858,0.275,file://secure_store/local_updates/dp_none_1764811181299.pt.enc,"{""agent"": ""dp-agent"", ""session_id"": ""sess-1764811070"", ""operation"": ""dp_process_update"", ""params"": {""clip_norm"": 1.0, ""clip_applied"": true, ""noise_multiplier"": 0.5, ""mechanism"": ""none"", ""l2_norm_before"": 2.4068570137023926, ""l2_norm_after"": 0.9999998807907104}, ""outputs"": [""file://secure_store/local_updates/dp_none_1764811181299.pt.enc""], ""timestamp"": ""2025-12-04T01:19:41.299945Z"", ""signature"": ""Z1ENzH7yiveM5gXeWuG2zpH1f60nSLLb8oUK0ToViyc=""}",file:///home/ritik26/Desktop/BE-Major-Project/receipts/receipt_3f95666822ae4f0eb48fbb09b4758601.json,rag,/home/ritik26/Desktop/BE-Major-Project/explain_logs/rag_explain_1764811181233.txt,35.44945191865708,38.52386998743616,5,35.44945191865708,38.52386998743616,5.0
sess-1764811070,none,1.0,2.4068570137023926,0.9999998807907104,0.41547955473971526,0.631572783584061,0.712,0.662,0.682,0.672,0.286,file://secure_store/local_updates/dp_none_1764811181301.pt.enc,"{""agent"": ""dp-agent"", ""session_id"": ""sess-1764811070"", ""operation"": ""dp_process_update"", ""params"": {""clip_norm"": 1.0, ""clip_applied"": true, ""noise_multiplier"": 1.0, ""mechanism"": ""none"", ""l2_norm_before"": 2.4068570137023926, ""l2_norm_after"": 0.9999998807907104}, ""outputs"": [""file://secure_store/local_updates/dp_none_1764811181301.pt.enc""], ""timestamp"": ""2025-12-04T01:19:41.301759Z"", ""signature"": ""qxDPvOlI0ouJgX1RtgQRsvp/8JYtANvUZ/btU0sVZuI=""}",file:///home/ritik26/Desktop/BE-Major-Project/receipts/receipt_e530c44fb0ed4716941d632850b06458.json,rag,/home/ritik26/Desktop/BE-Major-Project/explain_logs/rag_explain_1764811181233.txt,35.44945191865708,38.52386998743616,5,35.44945191865708,38.52386998743616,5.0
sess-1764811070,none,1.5,2.4068570137023926,0.9999998807907104,0.41547955473971526,0.6411513594884803,0.725,0.675,0.695,0.685,0.364,file://secure_store/local_updates/dp_none_1764811181303.pt.enc,"{""agent"": ""dp-agent"", ""session_id"": ""sess-1764811070"", ""operation"": ""dp_process_update"", ""params"": {""clip_norm"": 1.0, ""clip_applied"": true, ""noise_multiplier"": 1.5, ""mechanism"": ""none"", ""l2_norm_before"": 2.4068570137023926, ""l2_norm_after"": 0.9999998807907104}, ""outputs"": [""file://secure_store/local_updates/dp_none_1764811181303.pt.enc""], ""timestamp"": ""2025-12-04T01:19:41.303484Z"", ""signature"": ""W8yip69Tam7YsbfiQkkI8smHGS0+32t3VYBlJTUBc28=""}",file:///home/ritik26/Desktop/BE-Major-Project/receipts/receipt_8b9c6867ce574ffaa24abdb060b700b0.json,rag,/home/ritik26/Desktop/BE-Major-Project/explain_logs/rag_explain_1764811181233.txt,35.44945191865708,38.52386998743616,5,35.44945191865708,38.52386998743616,5.0
sess-1764811070,none,2.0,2.4068570137023926,0.9999998807907104,0.41547955473971526,0.6541160540593094,0.626,0.576,0.596,0.586,0.259,file://secure_store/local_updates/dp_none_1764811181304.pt.enc,"{""agent"": ""dp-agent"", ""session_id"": ""sess-1764811070"", ""operation"": ""dp_process_update"", ""params"": {""clip_norm"": 1.0, ""clip_applied"": true, ""noise_multiplier"": 2.0, ""mechanism"": ""none"", ""l2_norm_before"": 2.4068570137023926, ""l2_norm_after"": 0.9999998807907104}, ""outputs"": [""file://secure_store/local_updates/dp_none_1764811181304.pt.enc""], ""timestamp"": ""2025-12-04T01:19:41.305210Z"", ""signature"": ""OH2vLMjhGEq0QLE5lr9X/4cMV2coBjtAkQyxdlfVruY=""}",file:///home/ritik26/Desktop/BE-Major-Project/receipts/receipt_eaacf81979a14fd18b4a629192baa32d.json,rag,/home/ritik26/Desktop/BE-Major-Project/explain_logs/rag_explain_1764811181233.txt,35.44945191865708,38.52386998743616,5,35.44945191865708,38.52386998743616,5.0
sess-1764811070,gaussian,0.0,2.5853350162506104,1.0,0.3867970662709144,0.6428140473495221,0.796,0.746,0.766,0.756,0.212,file://secure_store/local_updates/dp_gaussian_1764811182082.pt.enc,"{""agent"": ""dp-agent"", ""session_id"": ""sess-1764811070"", ""operation"": ""dp_process_update"", ""params"": {""clip_norm"": 1.0, ""clip_applied"": true, ""noise_multiplier"": 0.0, ""mechanism"": ""gaussian"", ""l2_norm_before"": 2.5853350162506104, ""l2_norm_after"": 1.0}, ""outputs"": [""file://secure_store/local_updates/dp_gaussian_1764811182082.pt.enc""], ""timestamp"": ""2025-12-04T01:19:42.082890Z"", ""signature"": ""h7ceHLnMWNaX9xnUFcNTQouktEc0q1pUIXq1p0dxp7c=""}",file:///home/ritik26/Desktop/BE-Major-Project/receipts/receipt_eb8f5fec39cd4d5596eed2bbacc7ab9a.json,vector_rag,/home/ritik26/Desktop/BE-Major-Project/explain_logs/vector_rag_explain_1764811182080.txt,35.44945191865708,38.52386998743616,5,35.44945191865708,38.52386998743616,5.0
sess-1764811070,gaussian,0.5,2.5853350162506104,6.299602031707764,2.436667584538855,0.6489197547717358,0.731,0.681,0.701,0.691,0.219,file://secure_store/local_updates/dp_gaussian_1764811182084.pt.enc,"{""agent"": ""dp-agent"", ""session_id"": ""sess-1764811070"", ""operation"": ""dp_process_update"", ""params"": {""clip_norm"": 1.0, ""clip_applied"": true, ""noise_multiplier"": 0.5, ""mechanism"": ""gaussian"", ""l2_norm_before"": 2.5853350162506104, ""l2_norm_after"": 6.299602031707764}, ""outputs"": [""file://secure_store/local_updates/dp_gaussian_1764811182084.pt.enc""], ""timestamp"": ""2025-12-04T01:19:42.084821Z"", ""signature"": ""qYSO703y9+8wQ3FIjNiJRuBxiy3wReakc3SlbvPA6iM=""}",file:///home/ritik26/Desktop/BE-Major-Project/receipts/receipt_03b324f7ead148d5a4434cb8754e2456.json,vector_rag,/home/ritik26/Desktop/BE-Major-Project/explain_logs/vector_rag_explain_1764811182080.txt,35.44945191865708,38.52386998743616,5,35.44945191865708,38.52386998743616,5.0
sess-1764811070,gaussian,1.0,2.5853350162506104,11.224916458129883,4.341764755140742,0.643747007814629,0.723,0.673,0.693,0.683,0.148,file://secure_store/local_updates/dp_gaussian_1764811182086.pt.enc,"{""agent"": ""dp-agent"", ""session_id"": ""sess-1764811070"", ""operation"": ""dp_process_update"", ""params"": {""clip_norm"": 1.0, ""clip_applied"": true, ""noise_multiplier"": 1.0, ""mechanism"": ""gaussian"", ""l2_norm_before"": 2.5853350162506104, ""l2_norm_after"": 11.224916458129883}, ""outputs"": [""file://secure_store/local_updates/dp_gaussian_1764811182086.pt.enc""], ""timestamp"": ""2025-12-04T01:19:42.086909Z"", ""signature"": ""KrpzyXe+11dRt83Hu2YVCb6W4Mse2uWCIUZTQSHb6Ns=""}",file:///home/ritik26/Desktop/BE-Major-Project/receipts/receipt_19d5b82795724da584ecae5521caaa18.json,vector_rag,/home/ritik26/Desktop/BE-Major-Project/explain_logs/vector_rag_explain_1764811182080.txt,35.44945191865708,38.52386998743616,5,35.44945191865708,38.52386998743616,5.0
sess-1764811070,gaussian,1.5,2.5853350162506104,16.96696662902832,6.56277291562466,0.6622230459197422,0.878,0.828,0.848,0.838,0.335,file://secure_store/local_updates/dp_gaussian_1764811182088.pt.enc,"{""agent"": ""dp-agent"", ""session_id"": ""sess-1764811070"", ""operation"": ""dp_process_update"", ""params"": {""clip_norm"": 1.0, ""clip_applied"": true, ""noise_multiplier"": 1.5, ""mechanism"": ""gaussian"", ""l2_norm_before"": 2.5853350162506104, ""l2_norm_after"": 16.96696662902832}, ""outputs"": [""file://secure_store/local_updates/dp_gaussian_1764811182088.pt.enc""], ""timestamp"": ""2025-12-04T01:19:42.088834Z"", ""signature"": ""VvSEFDybmTe7hL2YIcKRDTJgRevNnFMtsk2RXmWLSc4=""}",file:///home/ritik26/Desktop/BE-Major-Project/receipts/receipt_4739cfd6320f4599ac9626adafbed2be.json,vector_rag,/home/ritik26/Desktop/BE-Major-Project/explain_logs/vector_rag_explain_1764811182080.txt,35.44945191865708,38.52386998743616,5,35.44945191865708,38.52386998743616,5.0
sess-1764811070,gaussian,2.0,2.5853350162506104,22.06580352783203,8.534988069475823,0.6692636376837757,0.696,0.646,0.666,0.656,0.255,file://secure_store/local_updates/dp_gaussian_1764811182090.pt.enc,"{""agent"": ""dp-agent"", ""session_id"": ""sess-1764811070"", ""operation"": ""dp_process_update"", ""params"": {""clip_norm"": 1.0, ""clip_applied"": true, ""noise_multiplier"": 2.0, ""mechanism"": ""gaussian"", ""l2_norm_before"": 2.5853350162506104, ""l2_norm_after"": 22.06580352783203}, ""outputs"": [""file://secure_store/local_updates/dp_gaussian_1764811182090.pt.enc""], ""timestamp"": ""2025-12-04T01:19:42.090664Z"", ""signature"": ""DHos5xVLwAneNYUgDwmnOWTfOnVuX/16j27c0GRFa88=""}",file:///home/ritik26/Desktop/BE-Major-Project/receipts/receipt_b7ea2a0cf7fc4f1c83434f38d7d58614.json,vector_rag,/home/ritik26/Desktop/BE-Major-Project/explain_logs/vector_rag_explain_1764811182080.txt,35.44945191865708,38.52386998743616,5,35.44945191865708,38.52386998743616,5.0
sess-1764811070,laplace,0.0,2.5853350162506104,1.0,0.3867970662709144,0.6597863830768628,0.861,0.811,0.831,0.821,0.111,file://secure_store/local_updates/dp_laplace_1764811182092.pt.enc,"{""agent"": ""dp-agent"", ""session_id"": ""sess-1764811070"", ""operation"": ""dp_process_update"", ""params"": {""clip_norm"": 1.0, ""clip_applied"": true, ""noise_multiplier"": 0.0, ""mechanism"": ""laplace"", ""l2_norm_before"": 2.5853350162506104, ""l2_norm_after"": 1.0}, ""outputs"": [""file://secure_store/local_updates/dp_laplace_1764811182092.pt.enc""], ""timestamp"": ""2025-12-04T01:19:42.092512Z"", ""signature"": ""zZYOLgCq0Gajp1Te9K/orZTZAmb57lISsJH2aWLnyGs=""}",file:///home/ritik26/Desktop/BE-Major-Project/receipts/receipt_10f3f5d54f68485b9ef80fac3e958369.json,vector_rag,/home/ritik26/Desktop/BE-Major-Project/explain_logs/vector_rag_explain_1764811182080.txt,35.44945191865708,38.52386998743616,5,35.44945191865708,38.52386998743616,5.0
sess-1764811070,laplace,0.5,2.5853350162506104,7.383227348327637,2.8558106779443126,0.6422743108457102,0.601,0.551,0.571,0.561,0.225,file://secure_store/local_updates/dp_laplace_1764811182094.pt.enc,"{""agent"": ""dp-agent"", ""session_id"": ""sess-1764811070"", ""operation"": ""dp_process_update"", ""params"": {""clip_norm"": 1.0, ""clip_applied"": true, ""noise_multiplier"": 0.5, ""mechanism"": ""laplace"", ""l2_norm_before"": 2.5853350162506104, ""l2_norm_after"": 7.383227348327637}, ""outputs"": [""file://secure_store/local_updates/dp_laplace_1764811182094.pt.enc""], ""timestamp"": ""2025-12-04T01:19:42.094579Z"", ""signature"": ""9Zfica9xrIs7SUZYm4MIXc7tzTmrGxuNGGC8NiZDQgc=""}",file:///home/ritik26/Desktop/BE-Major-Project/receipts/receipt_1431cae3ece243688920657b9865c2b5.json,vector_rag,/home/ritik26/Desktop/BE-Major-Project/explain_logs/vector_rag_explain_1764811182080.txt,35.44945191865708,38.52386998743616,5,35.44945191865708,38.52386998743616,5.0
sess-1764811070,laplace,1.0,2.5853350162506104,15.151277542114258,5.860469703546186,0.6387148093891343,0.761,0.711,0.731,0.721,0.368,file://secure_store/local_updates/dp_laplace_1764811182096.pt.enc,"{""agent"": ""dp-agent"", ""session_id"": ""sess-1764811070"", ""operation"": ""dp_process_update"", ""params"": {""clip_norm"": 1.0, ""clip_applied"": true, ""noise_multiplier"": 1.0, ""mechanism"": ""laplace"", ""l2_norm_before"": 2.5853350162506104, ""l2_norm_after"": 15.151277542114258}, ""outputs"": [""file://secure_store/local_updates/dp_laplace_1764811182096.pt.enc""], ""timestamp"": ""2025-12-04T01:19:42.096619Z"", ""signature"": ""diEFAK0dyGVEn+KThSz3fS1mpyk6E8DE89A3y7lz4bU=""}",file:///home/ritik26/Desktop/BE-Major-Project/receipts/receipt_3931cc6d941547898c808f4701779d49.json,vector_rag,/home/ritik26/Desktop/BE-Major-Project/explain_logs/vector_rag_explain_1764811182080.txt,35.44945191865708,38.52386998743616,5,35.44945191865708,38.52386998743616,5.0
sess-1764811070,laplace,1.5,2.5853350162506104,21.60140037536621,8.35535829253508,0.6539518677170946,0.818,0.768,0.788,0.778,0.257,file://secure_store/local_updates/dp_laplace_1764811182098.pt.enc,"{""agent"": ""dp-agent"", ""session_id"": ""sess-1764811070"", ""operation"": ""dp_process_update"", ""params"": {""clip_norm"": 1.0, ""clip_applied"": true, ""noise_multiplier"": 1.5, ""mechanism"": ""laplace"", ""l2_norm_before"": 2.5853350162506104, ""l2_norm_after"": 21.60140037536621}, ""outputs"": [""file://secure_store/local_updates/dp_laplace_1764811182098.pt.enc""], ""timestamp"": ""2025-12-04T01:19:42.098578Z"", ""signature"": ""5nuDiHRWTYwyIJqwt020p+phtxMTtBLxsrBmanAfrxU=""}",file:///home/ritik26/Desktop/BE-Major-Project/receipts/receipt_78ea68d62467426cb4e0983e7fd25dba.json,vector_rag,/home/ritik26/Desktop/BE-Major-Project/explain_logs/vector_rag_explain_1764811182080.txt,35.44945191865708,38.52386998743616,5,35.44945191865708,38.52386998743616,5.0
sess-1764811070,laplace,2.0,2.5853350162506104,35.132476806640625,13.589138959639538,0.6445459928267822,0.78,0.73,0.75,0.74,0.29,file://secure_store/local_updates/dp_laplace_1764811182100.pt.enc,"{""agent"": ""dp-agent"", ""session_id"": ""sess-1764811070"", ""operation"": ""dp_process_update"", ""params"": {""clip_norm"": 1.0, ""clip_applied"": true, ""noise_multiplier"": 2.0, ""mechanism"": ""laplace"", ""l2_norm_before"": 2.5853350162506104, ""l2_norm_after"": 35.132476806640625}, ""outputs"": [""file://secure_store/local_updates/dp_laplace_1764811182100.pt.enc""], ""timestamp"": ""2025-12-04T01:19:42.100601Z"", ""signature"": ""aQhrv7COmnUpNSZsqYB9Rfnh9aTuakbsyNBNsN3MFdU=""}",file:///home/ritik26/Desktop/BE-Major-Project/receipts/receipt_91fdc25f14fa470bae0f2f162590bd88.json,vector_rag,/home/ritik26/Desktop/BE-Major-Project/explain_logs/vector_rag_explain_1764811182080.txt,35.44945191865708,38.52386998743616,5,35.44945191865708,38.52386998743616,5.0
sess-1764811070,uniform,0.0,2.5853350162506104,1.0,0.3867970662709144,0.6503687120215845,0.781,0.731,0.751,0.741,0.306,file://secure_store/local_updates/dp_uniform_1764811182102.pt.enc,"{""agent"": ""dp-agent"", ""session_id"": ""sess-1764811070"", ""operation"": ""dp_process_update"", ""params"": {""clip_norm"": 1.0, ""clip_applied"": true, ""noise_multiplier"": 0.0, ""mechanism"": ""uniform"", ""l2_norm_before"": 2.5853350162506104, ""l2_norm_after"": 1.0}, ""outputs"": [""file://secure_store/local_updates/dp_uniform_1764811182102.pt.enc""], ""timestamp"": ""2025-12-04T01:19:42.102599Z"", ""signature"": ""jglWaX7Vo3184EoGiRpFswIX34xhWmXyQwHhk6OB8Sk=""}",file:///home/ritik26/Desktop/BE-Major-Project/receipts/receipt_dfa28ae2b2344c77bef5e72813ff6d60.json,vector_rag,/home/ritik26/Desktop/BE-Major-Project/explain_logs/vector_rag_explain_1764811182080.txt,35.44945191865708,38.52386998743616,5,35.44945191865708,38.52386998743616,5.0
sess-1764811070,uniform,0.5,2.5853350162506104,3.2711966037750244,1.2652892495355583,0.6663076369417028,0.67,0.62,0.64,0.63,0.348,file://secure_store/local_updates/dp_uniform_1764811182104.pt.enc,"{""agent"": ""dp-agent"", ""session_id"": ""sess-1764811070"", ""operation"": ""dp_process_update"", ""params"": {""clip_norm"": 1.0, ""clip_applied"": true, ""noise_multiplier"": 0.5, ""mechanism"": ""uniform"", ""l2_norm_before"": 2.5853350162506104, ""l2_norm_after"": 3.2711966037750244}, ""outputs"": [""file://secure_store/local_updates/dp_uniform_1764811182104.pt.enc""], ""timestamp"": ""2025-12-04T01:19:42.104366Z"", ""signature"": ""l/4NQsaQnOM+rwdfrHsfSL5LezFcG7O2Ee/82G5rHkI=""}",file:///home/ritik26/Desktop/BE-Major-Project/receipts/receipt_eff36cffadfb4a43b3f67cc5390340ca.json,vector_rag,/home/ritik26/Desktop/BE-Major-Project/explain_logs/vector_rag_explain_1764811182080.txt,35.44945191865708,38.52386998743616,5,35.44945191865708,38.52386998743616,5.0
sess-1764811070,uniform,1.0,2.5853350162506104,6.760301113128662,2.6148646376661637,0.6292543156969346,0.654,0.604,0.624,0.614,0.2,file://secure_store/local_updates/dp_uniform_1764811182105.pt.enc,"{""agent"": ""dp-agent"", ""session_id"": ""sess-1764811070"", ""operation"": ""dp_process_update"", ""params"": {""clip_norm"": 1.0, ""clip_applied"": true, ""noise_multiplier"": 1.0, ""mechanism"": ""uniform"", ""l2_norm_before"": 2.5853350162506104, ""l2_norm_after"": 6.760301113128662}, ""outputs"": [""file://secure_store/local_updates/dp_uniform_1764811182105.pt.enc""], ""timestamp"": ""2025-12-04T01:19:42.106191Z"", ""signature"": ""6Q25mm96OGLrsnNQbsoTlw5cbhI3MfHTBcmYvgdxayA=""}",file:///home/ritik26/Desktop/BE-Major-Project/receipts/receipt_ea826688f1014b03bee8f6e6e0494dfe.json,vector_rag,/home/ritik26/Desktop/BE-Major-Project/explain_logs/vector_rag_explain_1764811182080.txt,35.44945191865708,38.52386998743616,5,35.44945191865708,38.52386998743616,5.0
sess-1764811070,uniform,1.5,2.5853350162506104,9.896474838256836,3.8279274338616665,0.6457232606577931,0.851,0.801,0.821,0.811,0.121,file://secure_store/local_updates/dp_uniform_1764811182107.pt.enc,"{""agent"": ""dp-agent"", ""session_id"": ""sess-1764811070"", ""operation"": ""dp_process_update"", ""params"": {""clip_norm"": 1.0, ""clip_applied"": true, ""noise_multiplier"": 1.5, ""mechanism"": ""uniform"", ""l2_norm_before"": 2.5853350162506104, ""l2_norm_after"": 9.896474838256836}, ""outputs"": [""file://secure_store/local_updates/dp_uniform_1764811182107.pt.enc""], ""timestamp"": ""2025-12-04T01:19:42.107971Z"", ""signature"": ""3KsLVnVusRVdGJ+D6a9KW7y4CqX0aQVv0ujKEPtmmUE=""}",file:///home/ritik26/Desktop/BE-Major-Project/receipts/receipt_80efd5051c5b4e718271a4af621caccb.json,vector_rag,/home/ritik26/Desktop/BE-Major-Project/explain_logs/vector_rag_explain_1764811182080.txt,35.44945191865708,38.52386998743616,5,35.44945191865708,38.52386998743616,5.0
sess-1764811070,uniform,2.0,2.5853350162506104,12.111207962036133,4.6845797087125165,0.6472032730471373,0.7,0.65,0.67,0.66,0.33,file://secure_store/local_updates/dp_uniform_1764811182109.pt.enc,"{""agent"": ""dp-agent"", ""session_id"": ""sess-1764811070"", ""operation"": ""dp_process_update"", ""params"": {""clip_norm"": 1.0, ""clip_applied"": true, ""noise_multiplier"": 2.0, ""mechanism"": ""uniform"", ""l2_norm_before"": 2.5853350162506104, ""l2_norm_after"": 12.111207962036133}, ""outputs"": [""file://secure_store/local_updates/dp_uniform_1764811182109.pt.enc""], ""timestamp"": ""2025-12-04T01:19:42.109760Z"", ""signature"": ""rNfjVDlWd4tbbcO0eaSaLEMVAR4H+lGDOmt5QAWYKRU=""}",file:///home/ritik26/Desktop/BE-Major-Project/receipts/receipt_ba0dd13cfe574759b3f6a9bf55cbb304.json,vector_rag,/home/ritik26/Desktop/BE-Major-Project/explain_logs/vector_rag_explain_1764811182080.txt,35.44945191865708,38.52386998743616,5,35.44945191865708,38.52386998743616,5.0
sess-1764811070,exponential,0.0,2.5853350162506104,1.0,0.3867970662709144,0.6609411052197744,0.753,0.703,0.723,0.713,0.344,file://secure_store/local_updates/dp_exponential_1764811182111.pt.enc,"{""agent"": ""dp-agent"", ""session_id"": ""sess-1764811070"", ""operation"": ""dp_process_update"", ""params"": {""clip_norm"": 1.0, ""clip_applied"": true, ""noise_multiplier"": 0.0, ""mechanism"": ""exponential"", ""l2_norm_before"": 2.5853350162506104, ""l2_norm_after"": 1.0}, ""outputs"": [""file://secure_store/local_updates/dp_exponential_1764811182111.pt.enc""], ""timestamp"": ""2025-12-04T01:19:42.111489Z"", ""signature"": ""qpsBKoaF8VN+CxTfkQgfngJfsWwSI6WSHh3XFOB7u00=""}",file:///home/ritik26/Desktop/BE-Major-Project/receipts/receipt_011702a76e60444ea2858ccab5052403.json,vector_rag,/home/ritik26/Desktop/BE-Major-Project/explain_logs/vector_rag_explain_1764811182080.txt,35.44945191865708,38.52386998743616,5,35.44945191865708,38.52386998743616,5.0
sess-1764811070,exponential,0.5,2.5853350162506104,29.384191513061523,11.3657190719949,0.6458101777799473,0.896,0.846,0.866,0.856,0.115,file://secure_store/local_updates/dp_exponential_1764811182113.pt.enc,"{""agent"": ""dp-agent"", ""session_id"": ""sess-1764811070"", ""operation"": ""dp_process_update"", ""params"": {""clip_norm"": 1.0, ""clip_applied"": true, ""noise_multiplier"": 0.5, ""mechanism"": ""exponential"", ""l2_norm_before"": 2.5853350162506104, ""l2_norm_after"": 29.384191513061523}, ""outputs"": [""file://secure_store/local_updates/dp_exponential_1764811182113.pt.enc""], ""timestamp"": ""2025-12-04T01:19:42.113495Z"", ""signature"": ""Zugw7asTgMzOQVcteXYD+a69PGnwhbaD/Xmxqi8WBjY=""}",file:///home/ritik26/Desktop/BE-Major-Project/receipts/receipt_2b29c55911c341608cdae35f962cf402.json,vector_rag,/home/ritik26/Desktop/BE-Major-Project/explain_logs/vector_rag_explain_1764811182080.txt,35.44945191865708,38.52386998743616,5,35.44945191865708,38.52386998743616,5.0
sess-1764811070,exponential,1.0,2.5853350162506104,16.825708389282227,6.5081346429042775,0.6451074684063512,0.782,0.732,0.752,0.742,0.36,file://secure_store/local_updates/dp_exponential_1764811182115.pt.enc,"{""agent"": ""dp-agent"", ""session_id"": ""sess-1764811070"", ""operation"": ""dp_process_update"", ""params"": {""clip_norm"": 1.0, ""clip_applied"": true, ""noise_multiplier"": 1.0, ""mechanism"": ""exponential"", ""l2_norm_before"": 2.5853350162506104, ""l2_norm_after"": 16.825708389282227}, ""outputs"": [""file://secure_store/local_updates/dp_exponential_1764811182115.pt.enc""], ""timestamp"": ""2025-12-04T01:19:42.115448Z"", ""signature"": ""p92p4AVXjvYJuZP5/nAkgKEFOGhiCvCK4y81WBCejNQ=""}",file:///home/ritik26/Desktop/BE-Major-Project/receipts/receipt_fa25c5ffd10b4ecb8924257e869f643a.json,vector_rag,/home/ritik26/Desktop/BE-Major-Project/explain_logs/vector_rag_explain_1764811182080.txt,35.44945191865708,38.52386998743616,5,35.44945191865708,38.52386998743616,5.0
sess-1764811070,exponential,1.5,2.5853350162506104,10.409856796264648,4.026502069095506,0.6454920423586799,0.755,0.705,0.725,0.715,0.183,file://secure_store/local_updates/dp_exponential_1764811182117.pt.enc,"{""agent"": ""dp-agent"", ""session_id"": ""sess-1764811070"", ""operation"": ""dp_process_update"", ""params"": {""clip_norm"": 1.0, ""clip_applied"": true, ""noise_multiplier"": 1.5, ""mechanism"": ""exponential"", ""l2_norm_before"": 2.5853350162506104, ""l2_norm_after"": 10.409856796264648}, ""outputs"": [""file://secure_store/local_updates/dp_exponential_1764811182117.pt.enc""], ""timestamp"": ""2025-12-04T01:19:42.117312Z"", ""signature"": ""E/+HBQ/mPuv4GDmAcsXHzE+W0JN1ODN/TWCyFiQY5Mk=""}",file:///home/ritik26/Desktop/BE-Major-Project/receipts/receipt_5fb32624959844b08033b25c34c67291.json,vector_rag,/home/ritik26/Desktop/BE-Major-Project/explain_logs/vector_rag_explain_1764811182080.txt,35.44945191865708,38.52386998743616,5,35.44945191865708,38.52386998743616,5.0
sess-1764811070,exponential,2.0,2.5853350162506104,7.752262592315674,2.9985524276694564,0.6577544249072156,0.88,0.83,0.85,0.84,0.277,file://secure_store/local_updates/dp_exponential_1764811182118.pt.enc,"{""agent"": ""dp-agent"", ""session_id"": ""sess-1764811070"", ""operation"": ""dp_process_update"", ""params"": {""clip_norm"": 1.0, ""clip_applied"": true, ""noise_multiplier"": 2.0, ""mechanism"": ""exponential"", ""l2_norm_before"": 2.5853350162506104, ""l2_norm_after"": 7.752262592315674}, ""outputs"": [""file://secure_store/local_updates/dp_exponential_1764811182118.pt.enc""], ""timestamp"": ""2025-12-04T01:19:42.119178Z"", ""signature"": ""etPZ8j6FnWNaz9BM/9ZDXT7K/+Y6w5OivxCjwp201lk=""}",file:///home/ritik26/Desktop/BE-Major-Project/receipts/receipt_55608941d3f44e59beb2e40f23054c18.json,vector_rag,/home/ritik26/Desktop/BE-Major-Project/explain_logs/vector_rag_explain_1764811182080.txt,35.44945191865708,38.52386998743616,5,35.44945191865708,38.52386998743616,5.0
sess-1764811070,student_t,0.0,2.5853350162506104,1.0,0.3867970662709144,0.6486994651072857,0.751,0.701,0.721,0.711,0.338,file://secure_store/local_updates/dp_student_t_1764811182120.pt.enc,"{""agent"": ""dp-agent"", ""session_id"": ""sess-1764811070"", ""operation"": ""dp_process_update"", ""params"": {""clip_norm"": 1.0, ""clip_applied"": true, ""noise_multiplier"": 0.0, ""mechanism"": ""student_t"", ""l2_norm_before"": 2.5853350162506104, ""l2_norm_after"": 1.0}, ""outputs"": [""file://secure_store/local_updates/dp_student_t_1764811182120.pt.enc""], ""timestamp"": ""2025-12-04T01:19:42.121034Z"", ""signature"": ""vHDKevAZviOUyiRvBhCYd4EQXu4O5D8MbJriYaDWD7U=""}",file:///home/ritik26/Desktop/BE-Major-Project/receipts/receipt_dee5bd94e7ec43959265ad7422ea0579.json,vector_rag,/home/ritik26/Desktop/BE-Major-Project/explain_logs/vector_rag_explain_1764811182080.txt,35.44945191865708,38.52386998743616,5,35.44945191865708,38.52386998743616,5.0
sess-1764811070,student_t,0.5,2.5853350162506104,6.3847222328186035,2.469591828608918,0.6622588530278803,0.601,0.551,0.571,0.561,0.344,file://secure_store/local_updates/dp_student_t_1764811182122.pt.enc,"{""agent"": ""dp-agent"", ""session_id"": ""sess-1764811070"", ""operation"": ""dp_process_update"", ""params"": {""clip_norm"": 1.0, ""clip_applied"": true, ""noise_multiplier"": 0.5, ""mechanism"": ""student_t"", ""l2_norm_before"": 2.5853350162506104, ""l2_norm_after"": 6.3847222328186035}, ""outputs"": [""file://secure_store/local_updates/dp_student_t_1764811182122.pt.enc""], ""timestamp"": ""2025-12-04T01:19:42.123129Z"", ""signature"": ""chAjhFGgN8p/NBXf7mGvnLGrJX4Tl0ol4De93Hq/xMM=""}",file:///home/ritik26/Desktop/BE-Major-Project/receipts/receipt_bdc3df6d7adf4af5a8462c86ee7c14ea.json,vector_rag,/home/ritik26/Desktop/BE-Major-Project/explain_logs/vector_rag_explain_1764811182080.txt,35.44945191865708,38.52386998743616,5,35.44945191865708,38.52386998743616,5.0
sess-1764811070,student_t,1.0,2.5853350162506104,14.027700424194336,5.425873370605631,0.6455783369454902,0.626,0.576,0.596,0.586,0.261,file://secure_store/local_updates/dp_student_t_1764811182125.pt.enc,"{""agent"": ""dp-agent"", ""session_id"": ""sess-1764811070"", ""operation"": ""dp_process_update"", ""params"": {""clip_norm"": 1.0, ""clip_applied"": true, ""noise_multiplier"": 1.0, ""mechanism"": ""student_t"", ""l2_norm_before"": 2.5853350162506104, ""l2_norm_after"": 14.027700424194336}, ""outputs"": [""file://secure_store/local_updates/dp_student_t_1764811182125.pt.enc""], ""timestamp"": ""2025-12-04T01:19:42.125390Z"", ""signature"": ""2uT1kiXsjvMz7xp9iRt+ZUypwSH0Pc/fvWv3s7krIgY=""}",file:///home/ritik26/Desktop/BE-Major-Project/receipts/receipt_0ecd306f2ac84b6aa284f6d32eb0cd7b.json,vector_rag,/home/ritik26/Desktop/BE-Major-Project/explain_logs/vector_rag_explain_1764811182080.txt,35.44945191865708,38.52386998743616,5,35.44945191865708,38.52386998743616,5.0
sess-1764811070,student_t,1.5,2.5853350162506104,19.6656436920166,7.606613286401135,0.6584213646365425,0.612,0.562,0.582,0.572,0.108,file://secure_store/local_updates/dp_student_t_1764811182127.pt.enc,"{""agent"": ""dp-agent"", ""session_id"": ""sess-1764811070"", ""operation"": ""dp_process_update"", ""params"": {""clip_norm"": 1.0, ""clip_applied"": true, ""noise_multiplier"": 1.5, ""mechanism"": ""student_t"", ""l2_norm_before"": 2.5853350162506104, ""l2_norm_after"": 19.6656436920166}, ""outputs"": [""file://secure_store/local_updates/dp_student_t_1764811182127.pt.enc""], ""timestamp"": ""2025-12-04T01:19:42.127592Z"", ""signature"": ""6i5vQut03+lCTUor+d9d8hXkbie9iukqcuGaPT9TuFY=""}",file:///home/ritik26/Desktop/BE-Major-Project/receipts/receipt_10504a43af754b239196e189df195da8.json,vector_rag,/home/ritik26/Desktop/BE-Major-Project/explain_logs/vector_rag_explain_1764811182080.txt,35.44945191865708,38.52386998743616,5,35.44945191865708,38.52386998743616,5.0
sess-1764811070,student_t,2.0,2.5853350162506104,26.770492553710938,10.35474798240275,0.6451484477507992,0.616,0.566,0.586,0.576,0.318,file://secure_store/local_updates/dp_student_t_1764811182129.pt.enc,"{""agent"": ""dp-agent"", ""session_id"": ""sess-1764811070"", ""operation"": ""dp_process_update"", ""params"": {""clip_norm"": 1.0, ""clip_applied"": true, ""noise_multiplier"": 2.0, ""mechanism"": ""student_t"", ""l2_norm_before"": 2.5853350162506104, ""l2_norm_after"": 26.770492553710938}, ""outputs"": [""file://secure_store/local_updates/dp_student_t_1764811182129.pt.enc""], ""timestamp"": ""2025-12-04T01:19:42.129688Z"", ""signature"": ""bXmwNrb7/Ss8c5gsfFXgieY8jFjXv+3xtWHAVFR6BLw=""}",file:///home/ritik26/Desktop/BE-Major-Project/receipts/receipt_7140bdd13ee040b192afa31adffce1bb.json,vector_rag,/home/ritik26/Desktop/BE-Major-Project/explain_logs/vector_rag_explain_1764811182080.txt,35.44945191865708,38.52386998743616,5,35.44945191865708,38.52386998743616,5.0
sess-1764811070,none,0.0,2.5853350162506104,1.0,0.3867970662709144,0.6456324269226829,0.833,0.783,0.803,0.793,0.193,file://secure_store/local_updates/dp_none_1764811182131.pt.enc,"{""agent"": ""dp-agent"", ""session_id"": ""sess-1764811070"", ""operation"": ""dp_process_update"", ""params"": {""clip_norm"": 1.0, ""clip_applied"": true, ""noise_multiplier"": 0.0, ""mechanism"": ""none"", ""l2_norm_before"": 2.5853350162506104, ""l2_norm_after"": 1.0}, ""outputs"": [""file://secure_store/local_updates/dp_none_1764811182131.pt.enc""], ""timestamp"": ""2025-12-04T01:19:42.131506Z"", ""signature"": ""hyrXtGzlsUHRJQceaTedoA3Z7zCSkoo5vB/orMaurO0=""}",file:///home/ritik26/Desktop/BE-Major-Project/receipts/receipt_19711f9d1a004832981e60a9e9ccef04.json,vector_rag,/home/ritik26/Desktop/BE-Major-Project/explain_logs/vector_rag_explain_1764811182080.txt,35.44945191865708,38.52386998743616,5,35.44945191865708,38.52386998743616,5.0
sess-1764811070,none,0.5,2.5853350162506104,1.0,0.3867970662709144,0.6595586017549359,0.687,0.637,0.657,0.647,0.399,file://secure_store/local_updates/dp_none_1764811182133.pt.enc,"{""agent"": ""dp-agent"", ""session_id"": ""sess-1764811070"", ""operation"": ""dp_process_update"", ""params"": {""clip_norm"": 1.0, ""clip_applied"": true, ""noise_multiplier"": 0.5, ""mechanism"": ""none"", ""l2_norm_before"": 2.5853350162506104, ""l2_norm_after"": 1.0}, ""outputs"": [""file://secure_store/local_updates/dp_none_1764811182133.pt.enc""], ""timestamp"": ""2025-12-04T01:19:42.133247Z"", ""signature"": ""OCt50FYIRQJpd0u86u1nZmtty7l0RP5r6voHfHbinQg=""}",file:///home/ritik26/Desktop/BE-Major-Project/receipts/receipt_9cedc2207eb947a8ad009f26eaa9f623.json,vector_rag,/home/ritik26/Desktop/BE-Major-Project/explain_logs/vector_rag_explain_1764811182080.txt,35.44945191865708,38.52386998743616,5,35.44945191865708,38.52386998743616,5.0
sess-1764811070,none,1.0,2.5853350162506104,1.0,0.3867970662709144,0.6805108589825192,0.731,0.681,0.701,0.691,0.169,file://secure_store/local_updates/dp_none_1764811182134.pt.enc,"{""agent"": ""dp-agent"", ""session_id"": ""sess-1764811070"", ""operation"": ""dp_process_update"", ""params"": {""clip_norm"": 1.0, ""clip_applied"": true, ""noise_multiplier"": 1.0, ""mechanism"": ""none"", ""l2_norm_before"": 2.5853350162506104, ""l2_norm_after"": 1.0}, ""outputs"": [""file://secure_store/local_updates/dp_none_1764811182134.pt.enc""], ""timestamp"": ""2025-12-04T01:19:42.135080Z"", ""signature"": ""9Llyme8mFmz5/YF/ofs4YQgSpLtNdbtrAokIRHO136Q=""}",file:///home/ritik26/Desktop/BE-Major-Project/receipts/receipt_0f71f7d5b50b4f5698ee4698fc742eed.json,vector_rag,/home/ritik26/Desktop/BE-Major-Project/explain_logs/vector_rag_explain_1764811182080.txt,35.44945191865708,38.52386998743616,5,35.44945191865708,38.52386998743616,5.0
sess-1764811070,none,1.5,2.5853350162506104,1.0,0.3867970662709144,0.6574042880926604,0.807,0.757,0.777,0.767,0.127,file://secure_store/local_updates/dp_none_1764811182136.pt.enc,"{""agent"": ""dp-agent"", ""session_id"": ""sess-1764811070"", ""operation"": ""dp_process_update"", ""params"": {""clip_norm"": 1.0, ""clip_applied"": true, ""noise_multiplier"": 1.5, ""mechanism"": ""none"", ""l2_norm_before"": 2.5853350162506104, ""l2_norm_after"": 1.0}, ""outputs"": [""file://secure_store/local_updates/dp_none_1764811182136.pt.enc""], ""timestamp"": ""2025-12-04T01:19:42.136850Z"", ""signature"": ""UTHSC+zw9NPcAO6FB/xM26pSr9nJ5aiyaTRAnFYFK24=""}",file:///home/ritik26/Desktop/BE-Major-Project/receipts/receipt_67146080ff0441be9f5146bd4b89bafc.json,vector_rag,/home/ritik26/Desktop/BE-Major-Project/explain_logs/vector_rag_explain_1764811182080.txt,35.44945191865708,38.52386998743616,5,35.44945191865708,38.52386998743616,5.0
sess-1764811070,none,2.0,2.5853350162506104,1.0,0.3867970662709144,0.6501106905659878,0.75,0.7,0.72,0.71,0.286,file://secure_store/local_updates/dp_none_1764811182138.pt.enc,"{""agent"": ""dp-agent"", ""session_id"": ""sess-1764811070"", ""operation"": ""dp_process_update"", ""params"": {""clip_norm"": 1.0, ""clip_applied"": true, ""noise_multiplier"": 2.0, ""mechanism"": ""none"", ""l2_norm_before"": 2.5853350162506104, ""l2_norm_after"": 1.0}, ""outputs"": [""file://secure_store/local_updates/dp_none_1764811182138.pt.enc""], ""timestamp"": ""2025-12-04T01:19:42.138575Z"", ""signature"": ""I9vy8eNnLBDcSM9QaoDM/czKrEr/fOTuSUl4NtqJPMI=""}",file:///home/ritik26/Desktop/BE-Major-Project/receipts/receipt_d7bcbf28553c481ea9342858fa74dbce.json,vector_rag,/home/ritik26/Desktop/BE-Major-Project/explain_logs/vector_rag_explain_1764811182080.txt,35.44945191865708,38.52386998743616,5,35.44945191865708,38.52386998743616,5.0
