session_id,mechanism,noise_multiplier,l2_before,l2_after,distortion_ratio,silhouette_score,accuracy,precision,recall,f1,mae,dp_update_uri,dp_receipt,dp_receipt_uri,mode,explain_uri,retrieval_avg_latency_ms,retrieval_median_latency_ms,retrieval_k
sess-1764811070,gaussian,0.0,2.8432233333587646,1.0,0.3517134893750902,0.6489234745364438,0.765,0.715,0.735,0.725,0.196,file://secure_store/local_updates/dp_gaussian_1764811180051.pt.enc,"{""agent"": ""dp-agent"", ""session_id"": ""sess-1764811070"", ""operation"": ""dp_process_update"", ""params"": {""clip_norm"": 1.0, ""clip_applied"": true, ""noise_multiplier"": 0.0, ""mechanism"": ""gaussian"", ""l2_norm_before"": 2.8432233333587646, ""l2_norm_after"": 1.0}, ""outputs"": [""file://secure_store/local_updates/dp_gaussian_1764811180051.pt.enc""], ""timestamp"": ""2025-12-04T01:19:40.051512Z"", ""signature"": ""xVqjc5Pbrmjcf26AUxhi8hgk+kye4ZQ/+pp1klZMuLM=""}",file:///home/ritik26/Desktop/BE-Major-Project/receipts/receipt_3380fc2921cc439eb48ae4ac9951ee12.json,base,/home/ritik26/Desktop/BE-Major-Project/explain_logs/base_explain_1764811180049.txt,,,
sess-1764811070,gaussian,0.5,2.8432233333587646,3.9868128299713135,1.4022158519145889,0.638229312688794,0.689,0.639,0.659,0.649,0.327,file://secure_store/local_updates/dp_gaussian_1764811180053.pt.enc,"{""agent"": ""dp-agent"", ""session_id"": ""sess-1764811070"", ""operation"": ""dp_process_update"", ""params"": {""clip_norm"": 1.0, ""clip_applied"": true, ""noise_multiplier"": 0.5, ""mechanism"": ""gaussian"", ""l2_norm_before"": 2.8432233333587646, ""l2_norm_after"": 3.9868128299713135}, ""outputs"": [""file://secure_store/local_updates/dp_gaussian_1764811180053.pt.enc""], ""timestamp"": ""2025-12-04T01:19:40.053676Z"", ""signature"": ""WNiBX6samuPj5wQStPi5q6i9yBnFyT48Rxbrgn8sdXM=""}",file:///home/ritik26/Desktop/BE-Major-Project/receipts/receipt_c2cdfee2de2141bda7b5abc9ddc699d8.json,base,/home/ritik26/Desktop/BE-Major-Project/explain_logs/base_explain_1764811180049.txt,,,
sess-1764811070,gaussian,1.0,2.8432233333587646,8.52970027923584,3.000010648533719,0.6425961831750613,0.662,0.612,0.632,0.622,0.288,file://secure_store/local_updates/dp_gaussian_1764811180055.pt.enc,"{""agent"": ""dp-agent"", ""session_id"": ""sess-1764811070"", ""operation"": ""dp_process_update"", ""params"": {""clip_norm"": 1.0, ""clip_applied"": true, ""noise_multiplier"": 1.0, ""mechanism"": ""gaussian"", ""l2_norm_before"": 2.8432233333587646, ""l2_norm_after"": 8.52970027923584}, ""outputs"": [""file://secure_store/local_updates/dp_gaussian_1764811180055.pt.enc""], ""timestamp"": ""2025-12-04T01:19:40.055802Z"", ""signature"": ""KogbRwROjjR2ioitbEsaM9bKCvznjTyqS6fabrskP74=""}",file:///home/ritik26/Desktop/BE-Major-Project/receipts/receipt_980e7e648ed4431189d80ec93c1ea623.json,base,/home/ritik26/Desktop/BE-Major-Project/explain_logs/base_explain_1764811180049.txt,,,
sess-1764811070,gaussian,1.5,2.8432233333587646,14.54742431640625,5.116525367743279,0.6417379165937751,0.763,0.713,0.733,0.723,0.172,file://secure_store/local_updates/dp_gaussian_1764811180057.pt.enc,"{""agent"": ""dp-agent"", ""session_id"": ""sess-1764811070"", ""operation"": ""dp_process_update"", ""params"": {""clip_norm"": 1.0, ""clip_applied"": true, ""noise_multiplier"": 1.5, ""mechanism"": ""gaussian"", ""l2_norm_before"": 2.8432233333587646, ""l2_norm_after"": 14.54742431640625}, ""outputs"": [""file://secure_store/local_updates/dp_gaussian_1764811180057.pt.enc""], ""timestamp"": ""2025-12-04T01:19:40.057598Z"", ""signature"": ""JdDiNVulzph4NqHT7A4uEHdnOkB2J2U9kuXk9Cr5C2Q=""}",file:///home/ritik26/Desktop/BE-Major-Project/receipts/receipt_9ec726f05a8e49f9bd1629cb27edb689.json,base,/home/ritik26/Desktop/BE-Major-Project/explain_logs/base_explain_1764811180049.txt,,,
sess-1764811070,gaussian,2.0,2.8432233333587646,19.364334106445312,6.810697518002951,0.6592166697270256,0.813,0.763,0.783,0.773,0.273,file://secure_store/local_updates/dp_gaussian_1764811180059.pt.enc,"{""agent"": ""dp-agent"", ""session_id"": ""sess-1764811070"", ""operation"": ""dp_process_update"", ""params"": {""clip_norm"": 1.0, ""clip_applied"": true, ""noise_multiplier"": 2.0, ""mechanism"": ""gaussian"", ""l2_norm_before"": 2.8432233333587646, ""l2_norm_after"": 19.364334106445312}, ""outputs"": [""file://secure_store/local_updates/dp_gaussian_1764811180059.pt.enc""], ""timestamp"": ""2025-12-04T01:19:40.059351Z"", ""signature"": ""1+eWw8KFFZUq5RXd2C79aXleDb17JhUk0iuQKuPXRQE=""}",file:///home/ritik26/Desktop/BE-Major-Project/receipts/receipt_dd51d01cb34e440dbe5b1eb65b28e07f.json,base,/home/ritik26/Desktop/BE-Major-Project/explain_logs/base_explain_1764811180049.txt,,,
sess-1764811070,laplace,0.0,2.8432233333587646,1.0,0.3517134893750902,0.6549164785038839,0.827,0.777,0.797,0.787,0.396,file://secure_store/local_updates/dp_laplace_1764811180060.pt.enc,"{""agent"": ""dp-agent"", ""session_id"": ""sess-1764811070"", ""operation"": ""dp_process_update"", ""params"": {""clip_norm"": 1.0, ""clip_applied"": true, ""noise_multiplier"": 0.0, ""mechanism"": ""laplace"", ""l2_norm_before"": 2.8432233333587646, ""l2_norm_after"": 1.0}, ""outputs"": [""file://secure_store/local_updates/dp_laplace_1764811180060.pt.enc""], ""timestamp"": ""2025-12-04T01:19:40.061121Z"", ""signature"": ""IJB9lItGkU2tZkAOB3u8KSzPhLWkkbGoBRBi9BtMmQI=""}",file:///home/ritik26/Desktop/BE-Major-Project/receipts/receipt_dacdda5a79d04500a6ccc82debf9ee4e.json,base,/home/ritik26/Desktop/BE-Major-Project/explain_logs/base_explain_1764811180049.txt,,,
sess-1764811070,laplace,0.5,2.8432233333587646,8.162361145019531,2.8708125198544763,0.6632423728337683,0.9,0.85,0.87,0.86,0.263,file://secure_store/local_updates/dp_laplace_1764811180062.pt.enc,"{""agent"": ""dp-agent"", ""session_id"": ""sess-1764811070"", ""operation"": ""dp_process_update"", ""params"": {""clip_norm"": 1.0, ""clip_applied"": true, ""noise_multiplier"": 0.5, ""mechanism"": ""laplace"", ""l2_norm_before"": 2.8432233333587646, ""l2_norm_after"": 8.162361145019531}, ""outputs"": [""file://secure_store/local_updates/dp_laplace_1764811180062.pt.enc""], ""timestamp"": ""2025-12-04T01:19:40.063188Z"", ""signature"": ""ZtERyOXFiy4RBgRA4icaNMduYWZbbVkaAmDPvNkLWtM=""}",file:///home/ritik26/Desktop/BE-Major-Project/receipts/receipt_72ff2aca2c054e69b041b3b573224fb7.json,base,/home/ritik26/Desktop/BE-Major-Project/explain_logs/base_explain_1764811180049.txt,,,
sess-1764811070,laplace,1.0,2.8432233333587646,10.652737617492676,3.7467115188456344,0.6705164006670116,0.726,0.676,0.696,0.686,0.219,file://secure_store/local_updates/dp_laplace_1764811180064.pt.enc,"{""agent"": ""dp-agent"", ""session_id"": ""sess-1764811070"", ""operation"": ""dp_process_update"", ""params"": {""clip_norm"": 1.0, ""clip_applied"": true, ""noise_multiplier"": 1.0, ""mechanism"": ""laplace"", ""l2_norm_before"": 2.8432233333587646, ""l2_norm_after"": 10.652737617492676}, ""outputs"": [""file://secure_store/local_updates/dp_laplace_1764811180064.pt.enc""], ""timestamp"": ""2025-12-04T01:19:40.065179Z"", ""signature"": ""oUSxskNCK7Ce3kY/g/7m46DyKRB+2yZpJxCKf67NBLk=""}",file:///home/ritik26/Desktop/BE-Major-Project/receipts/receipt_d3747fc6f4a14eb0944b1ecc163fe1d3.json,base,/home/ritik26/Desktop/BE-Major-Project/explain_logs/base_explain_1764811180049.txt,,,
sess-1764811070,laplace,1.5,2.8432233333587646,16.434612274169922,5.78027482947499,0.6583784898149568,0.836,0.786,0.806,0.796,0.312,file://secure_store/local_updates/dp_laplace_1764811180066.pt.enc,"{""agent"": ""dp-agent"", ""session_id"": ""sess-1764811070"", ""operation"": ""dp_process_update"", ""params"": {""clip_norm"": 1.0, ""clip_applied"": true, ""noise_multiplier"": 1.5, ""mechanism"": ""laplace"", ""l2_norm_before"": 2.8432233333587646, ""l2_norm_after"": 16.434612274169922}, ""outputs"": [""file://secure_store/local_updates/dp_laplace_1764811180066.pt.enc""], ""timestamp"": ""2025-12-04T01:19:40.067131Z"", ""signature"": ""MYNlp4ZsvK4G6fPQDn+BXDntbTKpgHFqQcv6q4LU1II=""}",file:///home/ritik26/Desktop/BE-Major-Project/receipts/receipt_901d4da7d7d140a49718c96b908efe2d.json,base,/home/ritik26/Desktop/BE-Major-Project/explain_logs/base_explain_1764811180049.txt,,,
sess-1764811070,laplace,2.0,2.8432233333587646,22.15576171875,7.792480263864609,0.6517817140390121,0.767,0.717,0.737,0.727,0.192,file://secure_store/local_updates/dp_laplace_1764811180068.pt.enc,"{""agent"": ""dp-agent"", ""session_id"": ""sess-1764811070"", ""operation"": ""dp_process_update"", ""params"": {""clip_norm"": 1.0, ""clip_applied"": true, ""noise_multiplier"": 2.0, ""mechanism"": ""laplace"", ""l2_norm_before"": 2.8432233333587646, ""l2_norm_after"": 22.15576171875}, ""outputs"": [""file://secure_store/local_updates/dp_laplace_1764811180068.pt.enc""], ""timestamp"": ""2025-12-04T01:19:40.069049Z"", ""signature"": ""luEQ1PZG/f7nxYq4TGHx7hIa4Gf53se0OCT7MhMdndc=""}",file:///home/ritik26/Desktop/BE-Major-Project/receipts/receipt_d54beff88ba04f598e0a608a5b3a830d.json,base,/home/ritik26/Desktop/BE-Major-Project/explain_logs/base_explain_1764811180049.txt,,,
sess-1764811070,uniform,0.0,2.8432233333587646,1.0,0.3517134893750902,0.6627196561850052,0.68,0.63,0.65,0.64,0.33,file://secure_store/local_updates/dp_uniform_1764811180070.pt.enc,"{""agent"": ""dp-agent"", ""session_id"": ""sess-1764811070"", ""operation"": ""dp_process_update"", ""params"": {""clip_norm"": 1.0, ""clip_applied"": true, ""noise_multiplier"": 0.0, ""mechanism"": ""uniform"", ""l2_norm_before"": 2.8432233333587646, ""l2_norm_after"": 1.0}, ""outputs"": [""file://secure_store/local_updates/dp_uniform_1764811180070.pt.enc""], ""timestamp"": ""2025-12-04T01:19:40.070757Z"", ""signature"": ""fJM5LPl6hUj8Pc9GDsXjIY9d891ZFSGe6A0a1ObRsW0=""}",file:///home/ritik26/Desktop/BE-Major-Project/receipts/receipt_422d5a9fa6d84900be1b57efad16f61e.json,base,/home/ritik26/Desktop/BE-Major-Project/explain_logs/base_explain_1764811180049.txt,,,
sess-1764811070,uniform,0.5,2.8432233333587646,2.4512367248535156,0.8621330217825979,0.6621272473038483,0.712,0.662,0.682,0.672,0.296,file://secure_store/local_updates/dp_uniform_1764811180072.pt.enc,"{""agent"": ""dp-agent"", ""session_id"": ""sess-1764811070"", ""operation"": ""dp_process_update"", ""params"": {""clip_norm"": 1.0, ""clip_applied"": true, ""noise_multiplier"": 0.5, ""mechanism"": ""uniform"", ""l2_norm_before"": 2.8432233333587646, ""l2_norm_after"": 2.4512367248535156}, ""outputs"": [""file://secure_store/local_updates/dp_uniform_1764811180072.pt.enc""], ""timestamp"": ""2025-12-04T01:19:40.072496Z"", ""signature"": ""hKTajN2IWMxGxTygJy9+/Vd7UN9kO86tlM2vLGj67SY=""}",file:///home/ritik26/Desktop/BE-Major-Project/receipts/receipt_7669e12864ed4016841b4118f4fe99f1.json,base,/home/ritik26/Desktop/BE-Major-Project/explain_logs/base_explain_1764811180049.txt,,,
sess-1764811070,uniform,1.0,2.8432233333587646,5.439528942108154,1.913155704785652,0.6459777944502384,0.683,0.633,0.653,0.643,0.371,file://secure_store/local_updates/dp_uniform_1764811180074.pt.enc,"{""agent"": ""dp-agent"", ""session_id"": ""sess-1764811070"", ""operation"": ""dp_process_update"", ""params"": {""clip_norm"": 1.0, ""clip_applied"": true, ""noise_multiplier"": 1.0, ""mechanism"": ""uniform"", ""l2_norm_before"": 2.8432233333587646, ""l2_norm_after"": 5.439528942108154}, ""outputs"": [""file://secure_store/local_updates/dp_uniform_1764811180074.pt.enc""], ""timestamp"": ""2025-12-04T01:19:40.074327Z"", ""signature"": ""FZGL1Y4REFGVjZj6OonptWDaik0nOY6iIs8uArqf8yM=""}",file:///home/ritik26/Desktop/BE-Major-Project/receipts/receipt_e701c9a1cfe44320800ae8f58a212a61.json,base,/home/ritik26/Desktop/BE-Major-Project/explain_logs/base_explain_1764811180049.txt,,,
sess-1764811070,uniform,1.5,2.8432233333587646,7.470364570617676,2.6274279900359905,0.6526725419777488,0.689,0.639,0.659,0.649,0.242,file://secure_store/local_updates/dp_uniform_1764811180075.pt.enc,"{""agent"": ""dp-agent"", ""session_id"": ""sess-1764811070"", ""operation"": ""dp_process_update"", ""params"": {""clip_norm"": 1.0, ""clip_applied"": true, ""noise_multiplier"": 1.5, ""mechanism"": ""uniform"", ""l2_norm_before"": 2.8432233333587646, ""l2_norm_after"": 7.470364570617676}, ""outputs"": [""file://secure_store/local_updates/dp_uniform_1764811180075.pt.enc""], ""timestamp"": ""2025-12-04T01:19:40.076103Z"", ""signature"": ""WekzYkNdm54LE+yXkyAvGYSHjjbo3uFUFDROfnMxZYk=""}",file:///home/ritik26/Desktop/BE-Major-Project/receipts/receipt_c660442c748e4f789741ecd5b7a63056.json,base,/home/ritik26/Desktop/BE-Major-Project/explain_logs/base_explain_1764811180049.txt,,,
sess-1764811070,uniform,2.0,2.8432233333587646,10.896408081054688,3.832413707842675,0.6454383280423682,0.764,0.714,0.734,0.724,0.385,file://secure_store/local_updates/dp_uniform_1764811180077.pt.enc,"{""agent"": ""dp-agent"", ""session_id"": ""sess-1764811070"", ""operation"": ""dp_process_update"", ""params"": {""clip_norm"": 1.0, ""clip_applied"": true, ""noise_multiplier"": 2.0, ""mechanism"": ""uniform"", ""l2_norm_before"": 2.8432233333587646, ""l2_norm_after"": 10.896408081054688}, ""outputs"": [""file://secure_store/local_updates/dp_uniform_1764811180077.pt.enc""], ""timestamp"": ""2025-12-04T01:19:40.078028Z"", ""signature"": ""zLfX5OkEc7Os7cOaDKVvixoghmQcjkMN/Pd473369AM=""}",file:///home/ritik26/Desktop/BE-Major-Project/receipts/receipt_cb5b7153a157413d8bad974c7dc81545.json,base,/home/ritik26/Desktop/BE-Major-Project/explain_logs/base_explain_1764811180049.txt,,,
sess-1764811070,exponential,0.0,2.8432233333587646,1.0,0.3517134893750902,0.6528254427857401,0.618,0.568,0.588,0.578,0.321,file://secure_store/local_updates/dp_exponential_1764811180079.pt.enc,"{""agent"": ""dp-agent"", ""session_id"": ""sess-1764811070"", ""operation"": ""dp_process_update"", ""params"": {""clip_norm"": 1.0, ""clip_applied"": true, ""noise_multiplier"": 0.0, ""mechanism"": ""exponential"", ""l2_norm_before"": 2.8432233333587646, ""l2_norm_after"": 1.0}, ""outputs"": [""file://secure_store/local_updates/dp_exponential_1764811180079.pt.enc""], ""timestamp"": ""2025-12-04T01:19:40.079770Z"", ""signature"": ""41AnOYKbvcdpdliS38slDX9VCwf46g+sODiuLN8R4Ls=""}",file:///home/ritik26/Desktop/BE-Major-Project/receipts/receipt_c9fa2ea5899141009e76cdb805044506.json,base,/home/ritik26/Desktop/BE-Major-Project/explain_logs/base_explain_1764811180049.txt,,,
sess-1764811070,exponential,0.5,2.8432233333587646,30.81903839111328,10.83947153172332,0.6517494245809817,0.67,0.62,0.64,0.63,0.316,file://secure_store/local_updates/dp_exponential_1764811180081.pt.enc,"{""agent"": ""dp-agent"", ""session_id"": ""sess-1764811070"", ""operation"": ""dp_process_update"", ""params"": {""clip_norm"": 1.0, ""clip_applied"": true, ""noise_multiplier"": 0.5, ""mechanism"": ""exponential"", ""l2_norm_before"": 2.8432233333587646, ""l2_norm_after"": 30.81903839111328}, ""outputs"": [""file://secure_store/local_updates/dp_exponential_1764811180081.pt.enc""], ""timestamp"": ""2025-12-04T01:19:40.081713Z"", ""signature"": ""u0zyF1gJHDMUr+wo3MiitoR54ZCulhfT/9OZnPLSLY8=""}",file:///home/ritik26/Desktop/BE-Major-Project/receipts/receipt_951136abe94044bf90470a78e7b692d0.json,base,/home/ritik26/Desktop/BE-Major-Project/explain_logs/base_explain_1764811180049.txt,,,
sess-1764811070,exponential,1.0,2.8432233333587646,13.023778915405273,4.5806387271869164,0.6549148862312454,0.806,0.756,0.776,0.766,0.141,file://secure_store/local_updates/dp_exponential_1764811180083.pt.enc,"{""agent"": ""dp-agent"", ""session_id"": ""sess-1764811070"", ""operation"": ""dp_process_update"", ""params"": {""clip_norm"": 1.0, ""clip_applied"": true, ""noise_multiplier"": 1.0, ""mechanism"": ""exponential"", ""l2_norm_before"": 2.8432233333587646, ""l2_norm_after"": 13.023778915405273}, ""outputs"": [""file://secure_store/local_updates/dp_exponential_1764811180083.pt.enc""], ""timestamp"": ""2025-12-04T01:19:40.083685Z"", ""signature"": ""C2MVcdnkBpQBdEl02IKPuYwagcbwBVaYCVJjm3qr/mo=""}",file:///home/ritik26/Desktop/BE-Major-Project/receipts/receipt_2dd5734755aa428b98f7e05a7ae45976.json,base,/home/ritik26/Desktop/BE-Major-Project/explain_logs/base_explain_1764811180049.txt,,,
sess-1764811070,exponential,1.5,2.8432233333587646,7.5295305252075195,2.6482374543769924,0.6447096263046805,0.658,0.608,0.628,0.618,0.118,file://secure_store/local_updates/dp_exponential_1764811180085.pt.enc,"{""agent"": ""dp-agent"", ""session_id"": ""sess-1764811070"", ""operation"": ""dp_process_update"", ""params"": {""clip_norm"": 1.0, ""clip_applied"": true, ""noise_multiplier"": 1.5, ""mechanism"": ""exponential"", ""l2_norm_before"": 2.8432233333587646, ""l2_norm_after"": 7.5295305252075195}, ""outputs"": [""file://secure_store/local_updates/dp_exponential_1764811180085.pt.enc""], ""timestamp"": ""2025-12-04T01:19:40.085599Z"", ""signature"": ""Pq4/XTCJkJz3gio6YgPH4N/3tHkgm6wJNQwHDrEeTm0=""}",file:///home/ritik26/Desktop/BE-Major-Project/receipts/receipt_25f9e271b7614ec4a1812b62d818b356.json,base,/home/ritik26/Desktop/BE-Major-Project/explain_logs/base_explain_1764811180049.txt,,,
sess-1764811070,exponential,2.0,2.8432233333587646,6.543776512145996,2.301534470777626,0.6579215655823647,0.762,0.712,0.732,0.722,0.296,file://secure_store/local_updates/dp_exponential_1764811180087.pt.enc,"{""agent"": ""dp-agent"", ""session_id"": ""sess-1764811070"", ""operation"": ""dp_process_update"", ""params"": {""clip_norm"": 1.0, ""clip_applied"": true, ""noise_multiplier"": 2.0, ""mechanism"": ""exponential"", ""l2_norm_before"": 2.8432233333587646, ""l2_norm_after"": 6.543776512145996}, ""outputs"": [""file://secure_store/local_updates/dp_exponential_1764811180087.pt.enc""], ""timestamp"": ""2025-12-04T01:19:40.087447Z"", ""signature"": ""wY+kEaXzMTHLEDL6fgPcuabZBcaDxBNYj8V48phnGng=""}",file:///home/ritik26/Desktop/BE-Major-Project/receipts/receipt_a6b0eb8e4f114c928410c5ac429ddbe4.json,base,/home/ritik26/Desktop/BE-Major-Project/explain_logs/base_explain_1764811180049.txt,,,
sess-1764811070,student_t,0.0,2.8432233333587646,1.0,0.3517134893750902,0.6385449898810508,0.635,0.585,0.605,0.595,0.302,file://secure_store/local_updates/dp_student_t_1764811180089.pt.enc,"{""agent"": ""dp-agent"", ""session_id"": ""sess-1764811070"", ""operation"": ""dp_process_update"", ""params"": {""clip_norm"": 1.0, ""clip_applied"": true, ""noise_multiplier"": 0.0, ""mechanism"": ""student_t"", ""l2_norm_before"": 2.8432233333587646, ""l2_norm_after"": 1.0}, ""outputs"": [""file://secure_store/local_updates/dp_student_t_1764811180089.pt.enc""], ""timestamp"": ""2025-12-04T01:19:40.089227Z"", ""signature"": ""6GGCtt0u5OuLeeENnAaUEYbNiYVXSdIjFj7RjOA5KLQ=""}",file:///home/ritik26/Desktop/BE-Major-Project/receipts/receipt_c0639440a68a435198c342aff750de49.json,base,/home/ritik26/Desktop/BE-Major-Project/explain_logs/base_explain_1764811180049.txt,,,
sess-1764811070,student_t,0.5,2.8432233333587646,5.3202385902404785,1.8711996788814895,0.6520253585738114,0.85,0.8,0.82,0.81,0.327,file://secure_store/local_updates/dp_student_t_1764811180091.pt.enc,"{""agent"": ""dp-agent"", ""session_id"": ""sess-1764811070"", ""operation"": ""dp_process_update"", ""params"": {""clip_norm"": 1.0, ""clip_applied"": true, ""noise_multiplier"": 0.5, ""mechanism"": ""student_t"", ""l2_norm_before"": 2.8432233333587646, ""l2_norm_after"": 5.3202385902404785}, ""outputs"": [""file://secure_store/local_updates/dp_student_t_1764811180091.pt.enc""], ""timestamp"": ""2025-12-04T01:19:40.091798Z"", ""signature"": ""DNLLn5Ufkls14HspX5H0geq7ngCBNMZRztBm/aFUhus=""}",file:///home/ritik26/Desktop/BE-Major-Project/receipts/receipt_b31d27789bc249cd880883610a30e1a1.json,base,/home/ritik26/Desktop/BE-Major-Project/explain_logs/base_explain_1764811180049.txt,,,
sess-1764811070,student_t,1.0,2.8432233333587646,8.798351287841797,3.0944988321946574,0.6525855533560758,0.754,0.704,0.724,0.714,0.256,file://secure_store/local_updates/dp_student_t_1764811180093.pt.enc,"{""agent"": ""dp-agent"", ""session_id"": ""sess-1764811070"", ""operation"": ""dp_process_update"", ""params"": {""clip_norm"": 1.0, ""clip_applied"": true, ""noise_multiplier"": 1.0, ""mechanism"": ""student_t"", ""l2_norm_before"": 2.8432233333587646, ""l2_norm_after"": 8.798351287841797}, ""outputs"": [""file://secure_store/local_updates/dp_student_t_1764811180093.pt.enc""], ""timestamp"": ""2025-12-04T01:19:40.093818Z"", ""signature"": ""DjT4ieXcAja6pS4Um+D0cdTwWGGNEh9wadtg07xGIdE=""}",file:///home/ritik26/Desktop/BE-Major-Project/receipts/receipt_a54c38851db74d76b9ef3050a494167c.json,base,/home/ritik26/Desktop/BE-Major-Project/explain_logs/base_explain_1764811180049.txt,,,
sess-1764811070,student_t,1.5,2.8432233333587646,14.911797523498535,5.244680339844499,0.6728585721248853,0.695,0.645,0.665,0.655,0.395,file://secure_store/local_updates/dp_student_t_1764811180095.pt.enc,"{""agent"": ""dp-agent"", ""session_id"": ""sess-1764811070"", ""operation"": ""dp_process_update"", ""params"": {""clip_norm"": 1.0, ""clip_applied"": true, ""noise_multiplier"": 1.5, ""mechanism"": ""student_t"", ""l2_norm_before"": 2.8432233333587646, ""l2_norm_after"": 14.911797523498535}, ""outputs"": [""file://secure_store/local_updates/dp_student_t_1764811180095.pt.enc""], ""timestamp"": ""2025-12-04T01:19:40.095865Z"", ""signature"": ""6XTzrKzqZ+bJjOwx9vlTIGLW2lyA/Pvaq35ysVp1RtI=""}",file:///home/ritik26/Desktop/BE-Major-Project/receipts/receipt_0110a85b5c454d76abce6b8af4c17d20.json,base,/home/ritik26/Desktop/BE-Major-Project/explain_logs/base_explain_1764811180049.txt,,,
sess-1764811070,student_t,2.0,2.8432233333587646,17.743436813354492,6.24060607513134,0.648634073427254,0.81,0.76,0.78,0.77,0.116,file://secure_store/local_updates/dp_student_t_1764811180097.pt.enc,"{""agent"": ""dp-agent"", ""session_id"": ""sess-1764811070"", ""operation"": ""dp_process_update"", ""params"": {""clip_norm"": 1.0, ""clip_applied"": true, ""noise_multiplier"": 2.0, ""mechanism"": ""student_t"", ""l2_norm_before"": 2.8432233333587646, ""l2_norm_after"": 17.743436813354492}, ""outputs"": [""file://secure_store/local_updates/dp_student_t_1764811180097.pt.enc""], ""timestamp"": ""2025-12-04T01:19:40.097938Z"", ""signature"": ""ok4G5PbMED6NkHR5TnMZDNo8cVsg6pO/Q/pvPMw3xSY=""}",file:///home/ritik26/Desktop/BE-Major-Project/receipts/receipt_47e70ba4aef0465b9029608db88664db.json,base,/home/ritik26/Desktop/BE-Major-Project/explain_logs/base_explain_1764811180049.txt,,,
sess-1764811070,none,0.0,2.8432233333587646,1.0,0.3517134893750902,0.6431554160400049,0.62,0.57,0.59,0.58,0.31,file://secure_store/local_updates/dp_none_1764811180099.pt.enc,"{""agent"": ""dp-agent"", ""session_id"": ""sess-1764811070"", ""operation"": ""dp_process_update"", ""params"": {""clip_norm"": 1.0, ""clip_applied"": true, ""noise_multiplier"": 0.0, ""mechanism"": ""none"", ""l2_norm_before"": 2.8432233333587646, ""l2_norm_after"": 1.0}, ""outputs"": [""file://secure_store/local_updates/dp_none_1764811180099.pt.enc""], ""timestamp"": ""2025-12-04T01:19:40.099676Z"", ""signature"": ""Su5PE/q3TutIdoQI2kAZeGJIMVaQnylFRw1NdhEweCU=""}",file:///home/ritik26/Desktop/BE-Major-Project/receipts/receipt_f6b892c535cd472597a5139c7a72db45.json,base,/home/ritik26/Desktop/BE-Major-Project/explain_logs/base_explain_1764811180049.txt,,,
sess-1764811070,none,0.5,2.8432233333587646,1.0,0.3517134893750902,0.6395725916484171,0.802,0.752,0.772,0.762,0.127,file://secure_store/local_updates/dp_none_1764811180101.pt.enc,"{""agent"": ""dp-agent"", ""session_id"": ""sess-1764811070"", ""operation"": ""dp_process_update"", ""params"": {""clip_norm"": 1.0, ""clip_applied"": true, ""noise_multiplier"": 0.5, ""mechanism"": ""none"", ""l2_norm_before"": 2.8432233333587646, ""l2_norm_after"": 1.0}, ""outputs"": [""file://secure_store/local_updates/dp_none_1764811180101.pt.enc""], ""timestamp"": ""2025-12-04T01:19:40.101382Z"", ""signature"": ""SlaGM7zRuMdAWPWdlfftrDe0r8fLMi71D9cqWhjWlDk=""}",file:///home/ritik26/Desktop/BE-Major-Project/receipts/receipt_ba9deb7bc699445d844173348220c977.json,base,/home/ritik26/Desktop/BE-Major-Project/explain_logs/base_explain_1764811180049.txt,,,
sess-1764811070,none,1.0,2.8432233333587646,1.0,0.3517134893750902,0.6584928645376981,0.762,0.712,0.732,0.722,0.266,file://secure_store/local_updates/dp_none_1764811180103.pt.enc,"{""agent"": ""dp-agent"", ""session_id"": ""sess-1764811070"", ""operation"": ""dp_process_update"", ""params"": {""clip_norm"": 1.0, ""clip_applied"": true, ""noise_multiplier"": 1.0, ""mechanism"": ""none"", ""l2_norm_before"": 2.8432233333587646, ""l2_norm_after"": 1.0}, ""outputs"": [""file://secure_store/local_updates/dp_none_1764811180103.pt.enc""], ""timestamp"": ""2025-12-04T01:19:40.103263Z"", ""signature"": ""HnZeg6lsLDsFiCIlLLC+CXHwcNZtCBijaUHoryqmlgI=""}",file:///home/ritik26/Desktop/BE-Major-Project/receipts/receipt_7be322f3d95a4405bde3936708f8b5b9.json,base,/home/ritik26/Desktop/BE-Major-Project/explain_logs/base_explain_1764811180049.txt,,,
sess-1764811070,none,1.5,2.8432233333587646,1.0,0.3517134893750902,0.6433147985427159,0.609,0.559,0.579,0.569,0.224,file://secure_store/local_updates/dp_none_1764811180104.pt.enc,"{""agent"": ""dp-agent"", ""session_id"": ""sess-1764811070"", ""operation"": ""dp_process_update"", ""params"": {""clip_norm"": 1.0, ""clip_applied"": true, ""noise_multiplier"": 1.5, ""mechanism"": ""none"", ""l2_norm_before"": 2.8432233333587646, ""l2_norm_after"": 1.0}, ""outputs"": [""file://secure_store/local_updates/dp_none_1764811180104.pt.enc""], ""timestamp"": ""2025-12-04T01:19:40.104968Z"", ""signature"": ""pcwuTIiB86Ue6GWAJf+idY8iOsUJPxOqBnqOLAPf93w=""}",file:///home/ritik26/Desktop/BE-Major-Project/receipts/receipt_d669e15a3fd24f53a07750d89516946a.json,base,/home/ritik26/Desktop/BE-Major-Project/explain_logs/base_explain_1764811180049.txt,,,
sess-1764811070,none,2.0,2.8432233333587646,1.0,0.3517134893750902,0.6548861370235672,0.781,0.731,0.751,0.741,0.235,file://secure_store/local_updates/dp_none_1764811180106.pt.enc,"{""agent"": ""dp-agent"", ""session_id"": ""sess-1764811070"", ""operation"": ""dp_process_update"", ""params"": {""clip_norm"": 1.0, ""clip_applied"": true, ""noise_multiplier"": 2.0, ""mechanism"": ""none"", ""l2_norm_before"": 2.8432233333587646, ""l2_norm_after"": 1.0}, ""outputs"": [""file://secure_store/local_updates/dp_none_1764811180106.pt.enc""], ""timestamp"": ""2025-12-04T01:19:40.106640Z"", ""signature"": ""j1LJOhyn4UxFvgbXolB0aC8n5KADv6zqiC1SLkTJEqs=""}",file:///home/ritik26/Desktop/BE-Major-Project/receipts/receipt_7bb88614f8cc44d4837515ef093d0473.json,base,/home/ritik26/Desktop/BE-Major-Project/explain_logs/base_explain_1764811180049.txt,,,
